features,cluster_index,M.Z,RT,Annotation,zyliu_annotation,Cosine.Score,No..of.Shared.Peaks,Mass.Diff..to.Library.Reference,ppm.error,Analog.,Nearest.Neighbors,Proximity,classes,LA_50DPI,RA_50DPI,LVT_50DPI,LVB_50DPI,RVT_50DPI,RVB_50DPI,LA_70DPI,RA_70DPI,LVT_70DPI,LVB_70DPI,RVT_70DPI,RVB_70DPI,LA_142DPI,RA_142DPI,LVT_142DPI,LVB_142DPI,RVT_142DPI,RVB_142DPI
X1021.626_2.909,4436,1021.626,2.909,NA,nothing,NA,NA,NA,NA,No,Spectral Match to 1-Myristoyl-2-stearoyl-sn-glycero-3-phosphocholine from NIST14,First Analog,No matches,NA,NA,NA,NA,NA,NA,NA,NA,NA,LVB_70DPI,NA,NA,NA,NA,NA,NA,NA,NA
X1039.674_2.917,6984,1039.674,2.917,NA,nothing,NA,NA,NA,NA,No,Spectral Match to 1-Myristoyl-2-stearoyl-sn-glycero-3-phosphocholine from NIST14,Third Analog,No matches,NA,NA,NA,NA,NA,NA,NA,NA,NA,LVB_70DPI,NA,NA,NA,NA,NA,NA,NA,NA
X105.07_2.767,39,105.07,2.767,NA,nothing,NA,NA,NA,NA,No,Self-Loop,Self-Loop,No matches,NA,NA,LVT_50DPI,NA,NA,NA,NA,NA,NA,NA,NA,NA,NA,NA,NA,LVB_142DPI,NA,RVB_142DPI
X1063.674_2.914,1890,1063.674,2.914,NA,nothing,NA,NA,NA,NA,No,Spectral Match to 1-Myristoyl-2-stearoyl-sn-glycero-3-phosphocholine from NIST14,Third Analog,No matches,NA,NA,NA,NA,NA,NA,NA,NA,NA,LVB_70DPI,NA,NA,NA,NA,NA,NA,NA,NA
X1087.672_2.892,1816,1087.672,2.892,NA,nothing,NA,NA,NA,NA,No,Spectral Match to 1-Myristoyl-2-stearoyl-sn-glycero-3-phosphocholine from NIST14,Third Analog,No matches,NA,NA,NA,NA,NA,NA,NA,NA,NA,LVB_70DPI,NA,NA,NA,NA,NA,NA,NA,NA
X111.044_2.768,2157,111.044,2.768,NA,nothing,NA,NA,NA,NA,No,Self-Loop,Self-Loop,No matches,NA,NA,NA,NA,NA,NA,NA,NA,NA,NA,NA,NA,NA,NA,NA,LVB_142DPI,RVT_142DPI,RVB_142DPI
X1147.751_3.056,4524,1147.751,3.056,NA,nothing,NA,NA,NA,NA,No,Spectral Match to 1-Myristoyl-2-stearoyl-sn-glycero-3-phosphocholine from NIST14,Fourth Analog,No matches,LA_50DPI,NA,NA,NA,NA,NA,NA,NA,NA,NA,NA,NA,NA,NA,NA,NA,NA,NA
X119.049_2.765,543,119.049,2.765,Massbank:LU028501 2-Hydroxybenzonitrile,nothing,0.93852,4,0.994995,8288.59,Yes,Massbank:LU028501 2-Hydroxybenzonitrile,First Analog,No matches,NA,NA,NA,NA,NA,NA,NA,NA,NA,NA,NA,NA,NA,NA,NA,LVB_142DPI,NA,NA
X119.049_2.77,543,119.049,2.77,Massbank:LU028501 2-Hydroxybenzonitrile,nothing,0.93852,4,0.994995,8288.59,Yes,Massbank:LU028501 2-Hydroxybenzonitrile,First Analog,No matches,NA,NA,LVT_50DPI,NA,NA,NA,NA,NA,NA,NA,NA,NA,NA,NA,NA,NA,NA,NA
X123.056_0.323,62,123.056,0.323,Massbank:AC000652 Patulin|Clavacin|Expansin,nothing,0.847115,5,29.9644,195820,Yes,"Massbank: esculetin|6,7-dihydroxychromen-2-one",First Analog,No matches,NA,NA,LVT_50DPI,NA,NA,NA,NA,NA,NA,NA,NA,NA,NA,NA,NA,NA,NA,NA
X125.071_0.362,3652,125.071,0.362,NA,nothing,NA,NA,NA,NA,No,Self-Loop,Self-Loop,No matches,NA,NA,NA,LVB_50DPI,NA,NA,NA,NA,NA,NA,NA,NA,NA,NA,NA,LVB_142DPI,NA,NA
X127.013_2.258,4561,127.013,2.258,NA,nothing,NA,NA,NA,NA,No,CYCLOSERINE,First Analog,No matches,NA,NA,NA,LVB_50DPI,NA,NA,NA,NA,NA,NA,NA,NA,NA,NA,NA,NA,NA,NA
X128.018_0.336,1157,128.018,0.336,NA,nothing,NA,NA,NA,NA,No,NA,None,No matches,NA,NA,NA,NA,NA,NA,NA,NA,NA,NA,NA,NA,NA,NA,NA,LVB_142DPI,NA,NA
X128.018_0.344,1157,128.018,0.344,NA,nothing,NA,NA,NA,NA,No,NA,None,No matches,NA,NA,NA,NA,NA,NA,NA,NA,NA,NA,NA,NA,NA,NA,NA,LVB_142DPI,NA,NA
X132.102_0.307,101,132.102,0.307,NA,nothing,NA,NA,NA,NA,No,Gyromitrin,First,No matches,NA,NA,NA,NA,NA,NA,NA,RA_70DPI,NA,NA,RVT_70DPI,RVB_70DPI,NA,NA,NA,NA,NA,NA
X136.062_0.301,4002,136.062,0.301,Massbank:LU045156 3-Ethylphenol,nothing,0.902093,4,14.9962,123868,Yes,Spectral Match to 1-Amino-2-ethoxybenzene from NIST14,First,Organoheterocyclic compounds,NA,NA,NA,LVB_50DPI,NA,NA,NA,NA,NA,LVB_70DPI,NA,NA,NA,NA,NA,LVB_142DPI,NA,NA
X136.097_0.551,9339,136.097,0.551,NA,nothing,NA,NA,NA,NA,No,Massbank:LU088301 4-(4-Hydroxyphenyl)butan-2-one|4-(4-Hydroxyphenyl)-2-butanone,Third Analog,No matches,NA,NA,NA,NA,NA,NA,NA,NA,NA,NA,NA,NA,NA,NA,NA,LVB_142DPI,NA,NA
X137.046_0.35,58,137.046,0.35,Spectral Match to Allopurinol from NIST14,Hypoxanthine_C5H4N4O,0.8225,5,9.16E-05,0.668044,No,Spectral Match to Allopurinol from NIST14,First,Organoheterocyclic compounds,LA_50DPI,NA,LVT_50DPI,LVB_50DPI,RVT_50DPI,RVB_50DPI,NA,NA,NA,LVB_70DPI,NA,NA,LA_142DPI,RA_142DPI,NA,LVB_142DPI,RVT_142DPI,RVB_142DPI
X137.046_0.42,132,137.046,0.42,Spectral Match to 2-Hydroxy-3-methoxybenzyl alcohol from NIST14,2-Hydroxy-3-methoxybenzyl alcohol_C8H10O3,0.778681,5,0.0137939,100.642,No,Spectral Match to Allopurinol from NIST14,First,Organoheterocyclic compounds,NA,NA,NA,LVB_50DPI,NA,NA,NA,NA,NA,LVB_70DPI,NA,NA,NA,NA,NA,LVB_142DPI,NA,NA
X138.043_0.325,5043,138.043,0.325,TRIGONELLINE - 60.0 eV,Trigonelline_C7H7NO2,0.726858,6,0.011795,85.4373,No,TRIGONELLINE - 60.0 eV,First,Organoheterocyclic compounds,NA,NA,LVT_50DPI,NA,NA,NA,NA,NA,NA,NA,NA,NA,NA,NA,NA,NA,NA,NA
X142.035_0.315,536,142.035,0.315,NA,nothing,NA,NA,NA,NA,No,DIHYDROOROTATE - 70.0 eV,Third Analog,No matches,NA,NA,NA,NA,NA,NA,NA,NA,NA,NA,NA,NA,NA,NA,NA,NA,NA,RVB_142DPI
X150.059_0.3,721,150.059,0.3,Massbank:PB000442 Methionine|2-amino-4-methylsulfanylbutanoic acid,Methionine_C5H11NO2S,0.926149,6,0.000305176,2.03371,No,Massbank:PB000442 Methionine|2-amino-4-methylsulfanylbutanoic acid,First,Organic acids and derivatives,NA,NA,NA,LVB_50DPI,NA,NA,NA,NA,NA,NA,RVT_70DPI,RVB_70DPI,NA,NA,NA,LVB_142DPI,NA,RVB_142DPI
X153.041_0.412,474,153.041,0.412,NA,nothing,NA,NA,NA,NA,No,GUANINE - 50.0 eV,First Analog,No matches,LA_50DPI,NA,NA,NA,NA,NA,NA,NA,NA,NA,NA,NA,NA,NA,NA,NA,NA,NA
X158.922_0.307,5693,158.922,0.307,NA,nothing,NA,NA,NA,NA,No,NA,None,No matches,LA_50DPI,NA,NA,NA,NA,NA,NA,NA,NA,NA,NA,NA,NA,NA,NA,NA,NA,NA
X169.036_0.375,7191,169.036,0.375,URATE,Urate_C5H4N4O3,0.765693,5,0.000106812,0.631886,No,URATE - 40.0 eV,First,Organoheterocyclic compounds,NA,NA,NA,NA,NA,NA,LA_70DPI,RA_70DPI,LVT_70DPI,NA,NA,RVB_70DPI,NA,NA,NA,NA,NA,NA
X172.134_2.343,413,172.134,2.343,NA,nothing,NA,NA,NA,NA,No,ribose,First Analog,No matches,NA,NA,NA,NA,NA,NA,NA,NA,NA,NA,NA,NA,NA,NA,NA,NA,RVT_142DPI,NA
X174.602_2.709,9150,174.602,2.709,Spectral Match to 5.alpha.-Androsterone from NIST14,nothing,0.838144,6,13.502,83811.3,Yes,"1-methyl-4-(6-methylhept-5-en-2-yl)-2,3-dioxabicyclo[2.2.2]oct-5-ene",Second,Organoheterocyclic compounds,NA,NA,NA,NA,NA,NA,NA,NA,NA,NA,NA,NA,NA,NA,NA,NA,RVT_142DPI,NA
X175.148_2.71,205,175.148,2.71,Spectral Match to .alpha.-Bisabolol from NIST14,Bisabolol_C15H26O,0.90054,8,30.0466,146430,Yes,"1-methyl-4-(6-methylhept-5-en-2-yl)-2,3-dioxabicyclo[2.2.2]oct-5-ene",First,Organoheterocyclic compounds,NA,NA,NA,NA,NA,NA,NA,NA,NA,NA,NA,NA,NA,NA,NA,NA,RVT_142DPI,NA
X182.985_6.327,5325,182.985,6.327,DIHYDROOROTATE - 40.0 eV,nothing,0.819493,7,23.9454,150562,Yes,MANNITOL - 30.0 eV,First Analog,No matches,NA,NA,LVT_50DPI,NA,NA,NA,NA,NA,NA,NA,NA,NA,NA,NA,NA,NA,NA,NA
X184.074_0.312,281,184.074,0.312,Spectral Match to Phosphocholine from NIST14,nothing,0.971761,6,0.000701904,3.81318,No,PHOSPHORYLCHOLINE,First,Organic nitrogen compounds,NA,NA,NA,NA,NA,NA,LA_70DPI,NA,NA,NA,NA,NA,NA,NA,NA,NA,NA,NA
X194.007_0.33,5097,194.007,0.33,NA,nothing,NA,NA,NA,NA,No,NA,None,No matches,NA,NA,NA,NA,RVT_50DPI,NA,NA,NA,NA,NA,NA,NA,NA,NA,NA,NA,NA,NA
X198.149_3.205,7576,198.149,3.205,"Spectral Match to 13S-Hydroxy-9Z,11E,15Z-octadecatrienoic acid from NIST14",nothing,0.765013,6,79.0671,285218,Yes,"Spectral Match to 9-Oxo-10E,12Z-octadecadienoic acid from NIST14",First Analog,No matches,NA,NA,NA,NA,NA,NA,NA,NA,NA,NA,NA,NA,NA,NA,NA,NA,NA,RVB_142DPI
X198.15_2.471,100,198.15,2.471,Spectral Match to 3-Hydroxycapric acid from NIST14,nothing,0.747137,6,9.0016,47590.3,Yes,Self-Loop,Self-Loop,No matches,NA,NA,NA,NA,NA,NA,NA,NA,NA,NA,NA,NA,NA,NA,NA,NA,RVT_142DPI,NA
X200.165_3.207,7574,200.165,3.207,alpha-Pinene,nothing,0.775637,4,63.0345,459670,Yes,alpha-Pinene,First Analog,No matches,NA,NA,NA,NA,NA,NA,NA,NA,NA,NA,NA,NA,NA,NA,NA,NA,RVT_142DPI,NA
X203.007_0.309,8965,203.007,0.309,NA,nothing,NA,NA,NA,NA,No,Massbank:PR311068 Alanylleucine (isomer of 674),First,Organic acids and derivatives,NA,NA,NA,NA,NA,NA,NA,NA,NA,LVB_70DPI,NA,NA,NA,NA,NA,LVB_142DPI,NA,NA
X203.007_0.316,8965,203.007,0.316,NA,nothing,NA,NA,NA,NA,No,Massbank:PR311068 Alanylleucine (isomer of 674),First,Organic acids and derivatives,NA,NA,NA,NA,NA,NA,NA,NA,NA,LVB_70DPI,NA,NA,NA,NA,NA,NA,NA,NA
X207.986_0.312,8782,207.986,0.312,NA,nothing,NA,NA,NA,NA,No,Massbank:PR311068 Alanylleucine (isomer of 674),Third,Organic acids and derivatives,NA,NA,LVT_50DPI,NA,NA,NA,NA,NA,NA,NA,NA,NA,NA,NA,NA,NA,NA,NA
X209.055_2.25,4526,209.055,2.25,NA,nothing,NA,NA,NA,NA,No,Massbank:AU154606 Norketamine|2-amino-2-(2-chlorophenyl)cyclohexan-1-one,Second,Benzenoids,NA,NA,LVT_50DPI,NA,NA,NA,NA,NA,NA,NA,NA,NA,NA,NA,NA,NA,NA,NA
X214.181_2.634,97,214.181,2.634,"Spectral Match to cis,cis-9,12-Octadecadien-1-ol from NIST14",nothing,0.83408,6,53.0873,198630,Yes,MUCIC ACID,First Analog,No matches,NA,NA,NA,NA,NA,NA,NA,NA,NA,NA,NA,NA,NA,NA,NA,NA,NA,RVB_142DPI
X216.16_2.471,131,216.16,2.471,NA,nothing,NA,NA,NA,NA,No,Self-Loop,Self-Loop,No matches,NA,NA,NA,NA,NA,NA,NA,NA,NA,NA,NA,NA,NA,NA,NA,NA,RVT_142DPI,NA
X218.985_0.323,9397,218.985,0.323,NA,nothing,NA,NA,NA,NA,No,NA,None,No matches,NA,NA,NA,NA,RVT_50DPI,NA,NA,NA,NA,NA,NA,NA,NA,NA,NA,NA,NA,NA
X221.06_2.396,434,221.06,2.396,NA,nothing,NA,NA,NA,NA,No,Massbank:AU265101 Naproxen|2-(6-Methoxy-2-naphthyl)propionic acid|2-(6-methoxynaphthalen-2-yl)propanoic acid,First Analog,No matches,LA_50DPI,NA,NA,NA,NA,NA,NA,NA,NA,NA,NA,NA,NA,NA,NA,NA,NA,NA
X226.081_2.237,521,226.081,2.237,Massbank:AU154606 Norketamine|2-amino-2-(2-chlorophenyl)cyclohexan-1-one,nothing,0.777182,5,1.9973,8913.17,Yes,Massbank:AU154606 Norketamine|2-amino-2-(2-chlorophenyl)cyclohexan-1-one,First,Benzenoids,NA,NA,LVT_50DPI,NA,NA,NA,NA,NA,NA,NA,NA,NA,NA,NA,NA,NA,NA,NA
X228.196_2.71,4,228.196,2.71,MUCIC ACID,nothing,0.864747,7,0.125107,548.543,Yes,MUCIC ACID,First Analog,No matches,NA,NA,NA,NA,NA,NA,NA,NA,NA,NA,NA,NA,NA,NA,NA,NA,RVT_142DPI,RVB_142DPI
X230.176_2.586,376,230.176,2.586,Spectral Match to Dodecanedioic acid from NIST14,nothing,0.840406,8,17.0262,79879.3,Yes,Spectral Match to Dodecanedioic acid from NIST14,First Analog,Phenylpropanoids and polyketides,NA,NA,NA,NA,NA,NA,NA,NA,NA,NA,NA,NA,NA,NA,NA,NA,RVT_142DPI,NA
X231.073_0.435,6643,231.073,0.435,NA,nothing,NA,NA,NA,NA,No,NA,None,No matches,NA,NA,NA,NA,NA,NA,LA_70DPI,NA,NA,NA,NA,NA,NA,NA,NA,NA,NA,NA
X232.191_2.63,167,232.191,2.63,Massbank:LU130206 N-Ethyl-4-menthane-3-carboxamide|N-Ethyl-p-menthane-3-carboxamide|N-ethyl-5-methyl-2-propan-2-ylcyclohexane-1-carboxamide,nothing,0.785583,5,19.9901,94203.6,Yes,Self-Loop,Self-Loop,No matches,NA,NA,NA,NA,RVT_50DPI,NA,NA,NA,NA,NA,NA,NA,NA,NA,NA,NA,NA,NA
X236.163_2.635,5309,236.163,2.635,NA,nothing,NA,NA,NA,NA,No,Self-Loop,Self-Loop,No matches,NA,NA,NA,NA,NA,NA,NA,NA,NA,NA,NA,NA,NA,NA,NA,NA,NA,RVB_142DPI
X242.212_2.78,424,242.212,2.78,"NCGC00178646-02!2,4-dihydroxyheptadecyl acetate [IIN-based: Match]",nothing,0.721039,6,71.0619,226837,Yes,Self-Loop,Self-Loop,No matches,NA,NA,NA,NA,NA,NA,NA,NA,NA,NA,NA,NA,NA,NA,NA,NA,RVT_142DPI,NA
X249.112_2.768,2081,249.112,2.768,NA,nothing,NA,NA,NA,NA,No,Self-Loop,Self-Loop,No matches,NA,NA,NA,NA,NA,NA,NA,NA,NA,NA,NA,NA,NA,NA,NA,LVB_142DPI,RVT_142DPI,RVB_142DPI
X250.178_2.71,209,250.178,2.71,NA,nothing,NA,NA,NA,NA,No,Self-Loop,Self-Loop,No matches,NA,NA,NA,NA,NA,NA,NA,NA,NA,NA,NA,NA,NA,NA,NA,NA,RVT_142DPI,NA
X251.037_0.323,2266,251.037,0.323,NA,nothing,NA,NA,NA,NA,No,"Massbank:AU208003 Thiacloprid-amide|SCHEMBL2190770|[3-[(6-chloropyridin-3-yl)methyl]-1,3-thiazolidin-2-ylidene]urea",First Analog,No matches,NA,NA,NA,NA,NA,NA,NA,NA,NA,NA,NA,NA,NA,NA,NA,LVB_142DPI,NA,NA
X253.009_0.331,1088,253.009,0.331,NA,nothing,NA,NA,NA,NA,No,NA,None,No matches,NA,NA,NA,NA,NA,NA,NA,NA,NA,NA,NA,NA,NA,NA,NA,NA,RVT_142DPI,NA
X256.227_2.847,146,256.227,2.847,NA,nothing,NA,NA,NA,NA,No,Massbank:AU250206 Octyl-methoxycinnamate|Octinoxate|2-ethylhexyl (E)-3-(4-methoxyphenyl)prop-2-enoate,First Analog,No matches,NA,NA,NA,NA,NA,NA,NA,NA,NA,NA,NA,NA,NA,NA,NA,NA,RVT_142DPI,RVB_142DPI
X256.264_3.225,140,256.264,3.225,Spectral Match to Palmitamide from NIST14,Palmitamide_C16H33NO_(M+H),0.734233,5,0.00161743,6.31163,No,Self-Loop,Self-Loop,No matches,NA,NA,NA,NA,NA,NA,NA,NA,NA,NA,NA,NA,NA,NA,NA,LVB_142DPI,NA,NA
X258.111_0.302,5747,258.111,0.302,ReSpect:PM018116 sn-Glycero-3-phosphocholine,nothing,0.942898,5,0.00012207,0.472939,No,ReSpect:PM018116 sn-Glycero-3-phosphocholine,First,Lipids and lipid-like molecules,NA,NA,NA,NA,NA,NA,NA,NA,NA,LVB_70DPI,NA,NA,NA,NA,NA,NA,NA,NA
X258.207_2.775,69,258.207,2.775,NA,nothing,NA,NA,NA,NA,No,NA,None,No matches,NA,NA,NA,NA,NA,NA,NA,NA,NA,NA,NA,NA,NA,NA,NA,LVB_142DPI,RVT_142DPI,NA
X258.28_2.809,4914,258.28,2.809,"Massbank:LU068404 N,N-Dimethyldecylamine oxide|1-Decanamine, N,N-dimethyl-, N-oxide|N,N-dimethyldecan-1-amine oxide",nothing,0.970797,5,56.0625,277239,Yes,"MassbankEU:SM876801 N,N-Dimethyldodecylamine N-oxide|Lauramine oxide|N,N-dimethyldodecan-1-amine oxide",First,Organic nitrogen compounds,NA,NA,NA,NA,NA,NA,NA,NA,NA,NA,RVT_70DPI,NA,NA,NA,NA,LVB_142DPI,NA,NA
X263.081_2.774,1010,263.081,2.774,"Massbank:UF405701 Methiocarb|Mercaptodimethur|(3,5-dimethyl-4-methylsulfanyl-phenyl) N-methylcarbamate",nothing,0.772696,4,299.063,163607,Yes,h_43_17_epimethanedienone,First Analog,No matches,NA,NA,NA,LVB_50DPI,NA,NA,NA,NA,NA,NA,NA,NA,NA,NA,NA,LVB_142DPI,NA,NA
X263.091_2.771,6591,263.091,2.771,NA,nothing,NA,NA,NA,NA,No,h_43_17_epimethanedienone,First Analog,No matches,NA,NA,NA,NA,NA,NA,NA,NA,NA,NA,NA,NA,NA,RA_142DPI,NA,NA,NA,NA
X267.123_2.767,53,267.123,2.767,rhodioloside,nothing,0.729013,4,51.032,160400,Yes,D-Mannitol,First Analog,No matches,LA_50DPI,NA,NA,LVB_50DPI,NA,NA,NA,NA,NA,NA,NA,NA,NA,NA,NA,NA,NA,RVB_142DPI
X268.104_0.302,5245,268.104,0.302,"Massbank:EQ330404 Adenosine|(2R,3R,4S,5R)-2-(6-aminopurin-9-yl)-5-(hydroxymethyl)oxolane-3,4-diol",Adenosine_C10H13N5O4,0.989704,8,0.000396729,1.47976,No,INOSINE - 50.0 eV,First,"Nucleosides, nucleotides, and analogues",NA,NA,NA,NA,NA,NA,NA,NA,NA,NA,NA,NA,NA,NA,NA,NA,RVT_142DPI,RVB_142DPI
X268.983_0.335,4989,268.983,0.335,"MoNA:683801 9-[(2R,5S)-5-(hydroxymethyl)-2-oxolanyl]-3H-purin-6-one",nothing,0.957142,4,31.8848,134479,Yes,INOSINE - 50.0 eV,First,"Nucleosides, nucleotides, and analogues",NA,NA,NA,NA,NA,NA,NA,NA,NA,NA,RVT_70DPI,NA,NA,NA,NA,NA,NA,NA
X269.088_0.35,529,269.088,0.35,Spectral Match to Inosine from NIST14,Inosine_C10H12N4O5,0.950718,5,0.00140381,5.21693,No,INOSINE - 50.0 eV,First,"Nucleosides, nucleotides, and analogues",LA_50DPI,NA,LVT_50DPI,LVB_50DPI,NA,NA,NA,NA,NA,LVB_70DPI,NA,NA,NA,NA,NA,LVB_142DPI,RVT_142DPI,RVB_142DPI
X271.104_0.331,9275,271.104,0.331,GUANOSINE - 60.0 eV,nothing,0.86008,6,12.9945,45739.4,Yes,Spectral Match to Guanosine from NIST14,First,"Nucleosides, nucleotides, and analogues",NA,NA,LVT_50DPI,NA,NA,NA,NA,NA,LVT_70DPI,NA,NA,NA,NA,NA,NA,NA,NA,NA
X271.104_0.42,5037,271.104,0.42,GUANOSINE - 60.0 eV,nothing,0.828631,6,12.9949,45740.8,Yes,Spectral Match to Guanosine from NIST14,First,"Nucleosides, nucleotides, and analogues",NA,NA,NA,LVB_50DPI,NA,NA,NA,NA,NA,NA,NA,NA,NA,NA,NA,NA,NA,NA
X272.222_2.957,225,272.222,2.957,Spectral Match to N-Lauroylsarcosine from NIST14,N-Lauroylsarcosine_C15H29NO3,0.996768,8,0.00128174,4.70845,No,Spectral Match to N-Lauroylsarcosine from NIST14,First,Organic acids and derivatives,NA,NA,NA,NA,NA,NA,NA,NA,NA,NA,NA,NA,NA,NA,NA,NA,RVT_142DPI,NA
X276.02_2.431,7079,276.02,2.431,NA,nothing,NA,NA,NA,NA,No,NA,None,No matches,NA,NA,NA,NA,NA,NA,NA,NA,NA,NA,RVT_70DPI,NA,NA,NA,NA,NA,NA,NA
X277.216_3.018,479,277.216,3.018,"Spectral Match to 9,12-Octadecadiynoic Acid from NIST14",nothing,0.895177,9,0.000396729,1.43112,No,"Spectral Match to 9,12-Octadecadiynoic Acid from NIST14",First,Lipids and lipid-like molecules,NA,NA,NA,NA,RVT_50DPI,NA,NA,NA,NA,NA,NA,NA,NA,NA,NA,NA,NA,NA
X278.186_2.23,8197,278.186,2.23,NA,nothing,NA,NA,NA,NA,No,NA,None,No matches,NA,NA,NA,NA,NA,NA,NA,NA,NA,NA,NA,NA,NA,NA,NA,NA,NA,RVB_142DPI
X278.248_3.1,206,278.248,3.1,"Spectral Match to 9Z,11E,13E-Octadecatrienoic acid ethyl ester from NIST14",nothing,0.911968,9,29.0129,94424.2,Yes,"Spectral Match to 14,15-EE-(8Z)-E from NIST14",First Analog,No matches,NA,NA,NA,NA,NA,NA,NA,NA,NA,NA,RVT_70DPI,NA,NA,NA,NA,NA,RVT_142DPI,RVB_142DPI
X279.117_2.333,5607,279.117,2.333,NA,nothing,NA,NA,NA,NA,No,NA,None,No matches,NA,NA,NA,NA,NA,NA,NA,NA,LVT_70DPI,NA,NA,NA,NA,NA,NA,NA,NA,NA
X280.264_3.159,5285,280.264,3.159,"(2R,6S)-2-methyl-6-[(3Z)-pentadec-3-en-1-yl]piperidine",nothing,0.813812,7,28.0669,91028.5,Yes,Spectral Match to 1-Linoleoylglycerol from NIST14,First,No matches,NA,NA,NA,NA,NA,NA,NA,NA,NA,NA,RVT_70DPI,NA,NA,NA,NA,NA,RVT_142DPI,RVB_142DPI
X281.102_2.768,179,281.102,2.768,"Massbank: esculin hydrate|7-hydroxy-6-[3,4,5-trihydroxy-6-(hydroxymethyl)oxan-2-yl]oxychromen-2-one",nothing,0.880162,4,59.9849,175864,Yes,ADENOSINE-MONOPHOSPHATE,Second,"Nucleosides, nucleotides, and analogues",LA_50DPI,NA,NA,NA,NA,NA,NA,NA,NA,NA,NA,NA,NA,NA,NA,LVB_142DPI,NA,RVB_142DPI
X282.28_3.246,9411,282.28,3.246,"Spectral Match to 9-Octadecenamide, (Z)- from NIST14",Oleamide_C18H35NO,0.801204,7,0.000213623,0.756777,No,"Spectral Match to 9-Octadecenamide, (Z)- from NIST14",Second,Phenylpropanoids and polyketides,NA,NA,NA,NA,NA,NA,NA,NA,NA,NA,NA,NA,NA,NA,NA,NA,RVT_142DPI,NA
X282.624_2.875,9158,282.624,2.875,NA,nothing,NA,NA,NA,NA,No,Self-Loop,Self-Loop,No matches,NA,NA,NA,NA,NA,NA,NA,NA,NA,NA,NA,RVB_70DPI,NA,NA,NA,NA,NA,NA
X285.083_0.446,6039,285.083,0.446,Spectral Match to Xanthosine from NIST14,Xanthosine_C10H12N4O6,0.93945,9,0.000183105,0.642288,No,Spectral Match to Guanosine from NIST14,First,"Nucleosides, nucleotides, and analogues",NA,NA,NA,NA,NA,NA,LA_70DPI,NA,LVT_70DPI,LVB_70DPI,RVT_70DPI,NA,NA,NA,NA,NA,NA,NA
X285.133_2.768,75,285.133,2.768,D-Mannitol,nothing,0.78304,7,85.0204,424862,Yes,rhodioloside,First Analog,No matches,LA_50DPI,NA,LVT_50DPI,LVB_50DPI,NA,NA,NA,NA,NA,NA,NA,NA,NA,NA,NA,NA,NA,RVB_142DPI
X288.161_2.924,8288,288.161,2.924,NA,nothing,NA,NA,NA,NA,No,NA,None,No matches,NA,NA,NA,NA,NA,NA,NA,NA,NA,LVB_70DPI,NA,RVB_70DPI,NA,NA,NA,NA,NA,NA
X291.146_2.39,4480,291.146,2.39,"Massbank:EQ313503 Didanosine|9-[(2R,5S)-5-(hydroxymethyl)-2-oxolanyl]-3H-purin-6-one",Didanosine_C10H12N4O3_(M+H+C4H6),0.939559,4,54.0482,227957,Yes,INOSINE - 50.0 eV,First,"Nucleosides, nucleotides, and analogues",LA_50DPI,NA,NA,LVB_50DPI,NA,NA,NA,NA,NA,LVB_70DPI,NA,NA,NA,NA,NA,NA,NA,NA
X293.162_2.447,3178,293.162,2.447,Diorcinol,nothing,0.847623,4,32.0477,122734,Yes,INOSINE - 50.0 eV,First,"Nucleosides, nucleotides, and analogues",NA,NA,LVT_50DPI,LVB_50DPI,NA,NA,NA,NA,LVT_70DPI,LVB_70DPI,NA,NA,NA,NA,NA,LVB_142DPI,NA,NA
X293.211_2.931,605,293.211,2.931,Spectral Match to trans-EKODE-(E)-Ib from NIST14,trans-EKODE-(E)-Ib_C18H30O4_(M+H-H2O),0.713271,10,0.000213623,0.728564,No,Spectral Match to trans-EKODE-(E)-Ib from NIST14,First,Lipids and lipid-like molecules,NA,NA,LVT_50DPI,NA,RVT_50DPI,NA,NA,NA,NA,NA,NA,NA,NA,NA,NA,NA,NA,NA
X295.227_3.017,149,295.227,3.017,NA,nothing,NA,NA,NA,NA,No,Self-Loop,Self-Loop,No matches,NA,NA,NA,NA,RVT_50DPI,NA,NA,NA,NA,NA,NA,NA,NA,NA,NA,NA,NA,RVB_142DPI
X296.258_2.976,7935,296.258,2.976,NCGC00381425-01!8-hydroxy-8-(3-octyloxiran-2-yl)octanoic acid [IIN-based on: CCMSLIB00000846585],nothing,0.856881,13,0.984711,3312.82,Yes,NCGC00381425-01!8-hydroxy-8-(3-octyloxiran-2-yl)octanoic acid [IIN-based on: CCMSLIB00000846585],First Analog,No matches,NA,NA,NA,NA,NA,NA,NA,NA,NA,NA,NA,NA,NA,NA,NA,LVB_142DPI,NA,NA
X296.259_2.971,248,296.259,2.971,NCGC00381425-01!8-hydroxy-8-(3-octyloxiran-2-yl)octanoic acid [IIN-based on: CCMSLIB00000846585],nothing,0.778588,12,0.984222,3311.18,Yes,NCGC00381425-01!8-hydroxy-8-(3-octyloxiran-2-yl)octanoic acid [IIN-based on: CCMSLIB00000846585],First Analog,No matches,NA,NA,NA,NA,NA,NA,NA,NA,NA,NA,NA,NA,NA,NA,NA,LVB_142DPI,RVT_142DPI,RVB_142DPI
X298.993_0.33,6387,298.993,0.33,NA,nothing,NA,NA,NA,NA,No,Self-Loop,Self-Loop,No matches,NA,NA,NA,NA,NA,NA,NA,NA,NA,LVB_70DPI,NA,NA,NA,NA,NA,NA,NA,NA
X300.199_2.264,5883,300.199,2.264,NA,nothing,NA,NA,NA,NA,No,Self-Loop,Self-Loop,No matches,NA,NA,NA,NA,NA,NA,NA,NA,NA,NA,NA,NA,NA,NA,NA,NA,NA,RVB_142DPI
X301.114_0.419,6349,301.114,0.419,GUANOSINE - 70.0 eV,nothing,0.863514,7,17.016,59894.6,Yes,Spectral Match to Guanosine from NIST14,Second,"Nucleosides, nucleotides, and analogues",NA,NA,LVT_50DPI,NA,NA,NA,NA,NA,LVT_70DPI,NA,NA,NA,NA,NA,NA,NA,NA,NA
X301.115_0.328,9404,301.115,0.328,GUANOSINE - 70.0 eV,nothing,0.857907,7,17.0161,59895,Yes,Spectral Match to Guanosine from NIST14,Second,"Nucleosides, nucleotides, and analogues",NA,NA,NA,LVB_50DPI,NA,NA,NA,NA,LVT_70DPI,LVB_70DPI,NA,NA,NA,NA,NA,LVB_142DPI,NA,NA
X301.115_0.413,6349,301.115,0.413,GUANOSINE - 70.0 eV,nothing,0.863514,7,17.016,59894.6,Yes,Spectral Match to Guanosine from NIST14,Second,"Nucleosides, nucleotides, and analogues",NA,NA,NA,LVB_50DPI,NA,NA,NA,NA,NA,LVB_70DPI,NA,NA,NA,NA,NA,NA,NA,NA
X303.648_2.884,9157,303.648,2.884,NA,nothing,NA,NA,NA,NA,No,NA,None,No matches,NA,NA,NA,NA,NA,NA,NA,NA,NA,NA,RVT_70DPI,RVB_70DPI,NA,NA,NA,NA,NA,RVB_142DPI
X306.279_2.989,487,306.279,2.989,"Spectral Match to Monolinolenin (9c,12c,15c) from NIST14",nothing,0.88248,8,28.9786,86436.7,Yes,"Spectral Match to 9Z,11E,13E-Octadecatrienoic acid ethyl ester from NIST14",First Analog,No matches,NA,NA,NA,NA,NA,NA,NA,NA,NA,NA,NA,NA,NA,NA,NA,NA,RVT_142DPI,NA
X306.279_3.212,920,306.279,3.212,"Spectral Match to 9Z,11E,13E-Octadecatrienoic acid ethyl ester from NIST14",nothing,0.93598,8,0.981476,3194.27,Yes,"Spectral Match to 14,15-EE-(8Z)-E from NIST14",First Analog,No matches,NA,NA,NA,NA,NA,NA,NA,NA,NA,NA,NA,NA,NA,NA,NA,NA,RVT_142DPI,RVB_142DPI
X307.084_0.362,9307,307.084,0.362,"Spectral Match to Glutathione, oxidized from NIST14",Oxiglutatione_C20H32N6O12S2,0.94261,20,306.078,3.57764,No,"Spectral Match to Glutathione, oxidized from NIST14",First,Organic acids and derivatives,NA,NA,NA,NA,NA,NA,NA,NA,NA,LVB_70DPI,NA,NA,NA,NA,NA,NA,NA,NA
X308.295_3.045,8338,308.295,3.045,"(2R,6S)-2-methyl-6-[(3Z)-pentadec-3-en-1-yl]piperidine",nothing,0.829344,7,0.0365906,118.673,Yes,Spectral Match to 1-Linoleoylglycerol from NIST14,Second,No matches,NA,NA,NA,NA,NA,NA,NA,NA,NA,NA,NA,NA,NA,NA,NA,NA,NA,RVB_142DPI
X308.295_3.285,168,308.295,3.285,"(2R,6S)-2-methyl-6-[(3Z)-pentadec-3-en-1-yl]piperidine",nothing,0.840266,7,0.0358887,116.397,Yes,Spectral Match to 1-Linoleoylglycerol from NIST14,Second,No matches,NA,NA,NA,NA,NA,NA,NA,NA,NA,NA,NA,NA,NA,NA,NA,NA,RVT_142DPI,NA
X309.156_2.415,4459,309.156,2.415,Spectral Match to .alpha.-CMBHC from NIST14,nothing,0.840297,5,12.0495,37513.3,Yes,Spectral Match to Xanthosine from NIST14,First,"Nucleosides, nucleotides, and analogues",NA,NA,LVT_50DPI,NA,NA,NA,NA,NA,NA,NA,NA,NA,NA,NA,NA,NA,NA,NA
X309.242_3.027,3126,309.242,3.027,"Spectral Match to 13-Keto-9Z,11E-octadecadienoic acid from NIST14","13-keto-9Z,11E-octadecadienoic acid_C18H30O3",0.767907,9,14.0154,47473.3,Yes,"Spectral Match to 13-Keto-9Z,11E-octadecadienoic acid from NIST14",First Analog,No matches,NA,NA,NA,NA,NA,NA,NA,NA,LVT_70DPI,NA,NA,NA,NA,NA,NA,NA,NA,NA
X311.222_2.926,4788,311.222,2.926,NA,nothing,NA,NA,NA,NA,No,NA,None,No matches,NA,NA,NA,NA,RVT_50DPI,NA,NA,NA,NA,NA,NA,NA,NA,NA,NA,NA,NA,NA
X312.327_3.55,9333,312.327,3.55,Spectral Match to Palmitamide from NIST14,Palmitamide_C16H33NO_(M+H+C4H8),0.96084,10,56.0646,218778,Yes,Spectral Match to Octadecanamide from NIST14,First,Organic acids and derivatives,NA,NA,NA,NA,NA,NA,NA,NA,NA,LVB_70DPI,NA,NA,NA,NA,NA,NA,NA,NA
X312.633_2.891,2011,312.633,2.891,"ReSpect:PT108140 1-Decanoyl-2-Hydroxy-sn-Glycero-3-Phosphocholine|10:0 LysoPC|1-decanoyl-sn-glycero-3-phosphocholine|1-Capryl-2-lysophosphatidylcholine|1-Decanoyllysolecithin|Phosphocholine,1-Decanoyl-2-Hydroxy-sn-Gly",nothing,0.757872,4,212.013,241634,Yes,Self-Loop,Self-Loop,No matches,NA,NA,NA,NA,NA,NA,NA,NA,NA,NA,NA,RVB_70DPI,NA,NA,NA,NA,NA,NA
X319.227_2.913,5087,319.227,2.913,"5-hydroxy-7-[2-(2-hydroxy-5-oxo-2H-furan-3-yl)ethyl]-7,8-dimethyl-5,6,6a,8,9,10-hexahydro-1H-benzo[d][2]benzofuran-3-one",nothing,0.782488,9,43.953,121023,Yes,NA,None,No matches,NA,NA,NA,NA,NA,NA,NA,NA,NA,NA,NA,NA,NA,NA,NA,LVB_142DPI,NA,NA
X324.327_3.455,5570,324.327,3.455,"Spectral Match to 13-Docosenamide, (Z)- from NIST14",Erucamide_C22H43NO_(M+H-CH2),0.844567,8,14.0143,41420.7,Yes,"Spectral Match to 9-Octadecenamide, (Z)- from NIST14",Second,Phenylpropanoids and polyketides,NA,NA,NA,NA,NA,NA,NA,NA,NA,NA,NA,NA,NA,NA,NA,LVB_142DPI,NA,NA
X327.232_3.01,5826,327.232,3.01,"Spectral Match to (.+/-.)-11-Hydroxy-4Z,7Z,9E,13Z,16Z,19Z-docosahexaenoic acid from NIST14",11-HDOHE_C22H32O3,0.772703,14,0.000518799,1.58542,No,"Spectral Match to (.+/-.)-11-Hydroxy-4Z,7Z,9E,13Z,16Z,19Z-docosahexaenoic acid from NIST14",First,Lipids and lipid-like molecules,NA,NA,NA,NA,NA,NA,NA,NA,NA,NA,NA,NA,NA,NA,NA,NA,NA,RVB_142DPI
X331.177_2.552,4319,331.177,2.552,"MoNA:684423 9-[(2R,5S)-5-(hydroxymethyl)-2-oxolanyl]-3H-purin-6-one",nothing,0.915683,4,94.0793,396795,Yes,INOSINE - 50.0 eV,Second,"Nucleosides, nucleotides, and analogues",NA,NA,LVT_50DPI,NA,NA,NA,NA,NA,LVT_70DPI,NA,NA,NA,NA,NA,NA,NA,NA,NA
X331.177_2.552.1,4881,331.177,2.552,"MoNA:684423 9-[(2R,5S)-5-(hydroxymethyl)-2-oxolanyl]-3H-purin-6-one",nothing,0.915683,4,94.0793,396795,Yes,INOSINE - 50.0 eV,Second,"Nucleosides, nucleotides, and analogues",NA,NA,NA,LVB_50DPI,NA,NA,NA,NA,NA,LVB_70DPI,NA,NA,NA,NA,NA,LVB_142DPI,NA,NA
X333.063_2.524,72,333.063,2.524,NA,nothing,NA,NA,NA,NA,No,Self-Loop,Self-Loop,No matches,NA,NA,NA,NA,NA,NA,NA,NA,NA,NA,NA,NA,NA,NA,NA,NA,NA,RVB_142DPI
X334.311_3.093,221,334.311,3.093,"Spectral Match to cis-5,8,11-Eicosatrienoic acid from NIST14",nothing,0.895791,8,27.0483,88030.1,Yes,"Spectral Match to 9Z,11E,13E-Octadecatrienoic acid ethyl ester from NIST14",First Analog,No matches,NA,NA,NA,NA,NA,NA,NA,NA,NA,NA,NA,NA,NA,NA,NA,NA,RVT_142DPI,RVB_142DPI
X334.311_3.335,261,334.311,3.335,Spectral Match to 15-HEDE from NIST14,nothing,0.89263,7,27.0477,88027.8,Yes,"Spectral Match to cis-5,8,11-Eicosatrienoic acid from NIST14",First Analog,No matches,NA,NA,NA,NA,NA,NA,NA,NA,NA,NA,NA,NA,NA,NA,NA,NA,RVT_142DPI,NA
X336.326_3.156,11,336.326,3.156,"(2R,6S)-2-methyl-6-[(3Z)-pentadec-3-en-1-yl]piperidine",nothing,0.835252,7,27.9954,90796.6,Yes,Spectral Match to 1-Linoleoylglycerol from NIST14,Second,No matches,NA,NA,NA,NA,NA,NA,NA,NA,NA,NA,RVT_70DPI,NA,NA,NA,NA,NA,NA,NA
X344.229_2.208,1605,344.229,2.208,Spectral Match to Nonaethylene glycol from NIST14,nothing,0.965046,9,71.0252,171040,Yes,Spectral Match to Nonaethylene glycol from NIST14,First,Organic oxygen compounds,NA,NA,NA,NA,NA,NA,LA_70DPI,NA,NA,NA,NA,NA,NA,NA,NA,NA,NA,NA
X351.253_2.927,956,351.253,2.927,"Spectral Match to 13-Keto-9Z,11E-octadecadienoic acid from NIST14",nothing,0.838768,10,56.0261,189773,Yes,"Spectral Match to 13-Keto-9Z,11E-octadecadienoic acid from NIST14",First Analog,No matches,NA,NA,NA,NA,NA,NA,NA,NA,LVT_70DPI,NA,NA,NA,NA,NA,NA,NA,NA,NA
X352.248_2.931,1254,352.248,2.931,NA,nothing,NA,NA,NA,NA,No,NA,None,No matches,NA,NA,LVT_50DPI,NA,NA,NA,NA,NA,NA,NA,NA,NA,NA,NA,NA,NA,NA,NA
X352.306_2.997,6456,352.306,2.997,"Massbank:AU406506 3,6,9,12-Tetraoxatetracosan-1-ol|Tetraethylene glycol monododecyl ether|2-[2-[2-(2-dodecoxyethoxy)ethoxy]ethoxy]ethanol",nothing,0.809583,7,11.0041,30288.4,Yes,"Massbank:AU406506 3,6,9,12-Tetraoxatetracosan-1-ol|Tetraethylene glycol monododecyl ether|2-[2-[2-(2-dodecoxyethoxy)ethoxy]ethoxy]ethanol",Second,Organic nitrogen compounds,NA,NA,NA,NA,NA,NA,NA,NA,NA,NA,NA,NA,NA,NA,NA,LVB_142DPI,NA,NA
X352.321_3.187,43,352.321,3.187,Spectral Match to 12(S)-Hydroxy-16-heptadecynoic acid from NIST14,nothing,0.854186,7,87.1054,328432,Yes,"Spectral Match to 14,15-EE-(8Z)-E from NIST14",First Analog,No matches,NA,NA,NA,NA,NA,NA,NA,NA,NA,NA,NA,NA,NA,NA,NA,NA,RVT_142DPI,NA
X352.357_3.617,724,352.357,3.617,"Spectral Match to 13-Docosenamide, (Z)- from NIST14",Erucamide_C22H43NO_(M+H+CH2),0.787332,7,14.0151,41422.8,Yes,"Spectral Match to 13-Docosenamide, (Z)- from NIST14",First,Phenylpropanoids and polyketides,NA,NA,NA,NA,NA,NA,NA,NA,NA,NA,NA,NA,NA,NA,NA,NA,RVT_142DPI,NA
X353.191_2.187,5756,353.191,2.187,NA,nothing,NA,NA,NA,NA,No,NA,None,No matches,NA,NA,LVT_50DPI,LVB_50DPI,NA,NA,NA,NA,NA,LVB_70DPI,NA,NA,NA,NA,NA,NA,NA,NA
X353.269_2.902,980,353.269,2.902,"Spectral Match to Monolinolenin (9c,12c,15c) from NIST14",Glyceryl linolenate_C21H36O4,0.774505,8,0.00128174,3.62821,No,"Spectral Match to Monolinolenin (9c,12c,15c) from NIST14",First,No matches,NA,NA,NA,NA,NA,NA,NA,NA,LVT_70DPI,NA,NA,NA,NA,NA,NA,NA,NA,NA
X354.264_2.856,4282,354.264,2.856,NA,nothing,NA,NA,NA,NA,No,NA,None,No matches,LA_50DPI,NA,NA,NA,NA,NA,NA,NA,LVT_70DPI,NA,NA,NA,NA,NA,NA,NA,NA,NA
X356.279_3.026,3109,356.279,3.026,NA,nothing,NA,NA,NA,NA,No,Spectral Match to p-tert-Octylphenol tetraglycol ether from NIST14,Second,No matches,NA,NA,NA,NA,NA,NA,NA,NA,NA,LVB_70DPI,NA,NA,NA,NA,NA,NA,NA,NA
X356.28_3.016,9336,356.28,3.016,NA,nothing,NA,NA,NA,NA,No,Spectral Match to p-tert-Octylphenol tetraglycol ether from NIST14,Second,No matches,NA,NA,NA,LVB_50DPI,NA,NA,NA,NA,NA,LVB_70DPI,NA,NA,NA,NA,NA,NA,NA,NA
X367.248_2.847,1171,367.248,2.847,NA,nothing,NA,NA,NA,NA,No,Spectral Match to trans-EKODE-(E)-Ib from NIST14,First Analog,No matches,NA,NA,NA,NA,NA,NA,NA,NA,LVT_70DPI,NA,NA,NA,NA,NA,NA,NA,NA,NA
X368.316_2.962,563,368.316,2.962,NA,nothing,NA,NA,NA,NA,No,Self-Loop,Self-Loop,No matches,NA,NA,NA,NA,NA,NA,NA,NA,NA,NA,NA,NA,NA,NA,NA,NA,RVT_142DPI,NA
X368.316_3.329,643,368.316,3.329,"Spectral Match to 9Z,11E,13E-Octadecatrienoic acid methyl ester from NIST14",nothing,0.774692,5,75.0687,255991,Yes,"Spectral Match to 9Z,11E,13E-Octadecatrienoic acid methyl ester from NIST14",First Analog,No matches,NA,NA,NA,LVB_50DPI,NA,NA,NA,NA,NA,NA,NA,NA,NA,NA,NA,NA,NA,NA
X368.317_3.315,9290,368.317,3.315,"Spectral Match to 9Z,11E,13E-Octadecatrienoic acid methyl ester from NIST14",nothing,0.779511,5,75.0695,255994,Yes,MUCIC ACID,First Analog,No matches,NA,NA,NA,NA,NA,NA,NA,NA,NA,LVB_70DPI,NA,NA,NA,NA,NA,NA,NA,NA
X368.389_3.87,6437,368.389,3.87,Spectral Match to Octadecanamide from NIST14,Octadecanamide_C18H37NO_(M+H+C6H12),0.920196,6,84.0937,295797,Yes,Spectral Match to Octadecanamide from NIST14,Second,Organic acids and derivatives,NA,NA,NA,NA,NA,NA,NA,NA,NA,NA,NA,NA,LA_142DPI,NA,NA,NA,NA,NA
X369.17_2.767,8306,369.17,2.767,"ReSpect:PT111810 1-O-b-D-glucopyranosyl sinapate|1-O-Sinapoyl-beta-D-glucose|1-O-Sinapoyl beta-D-glucoside|[(2S,3R,4S,5S,6R)-3,4,5-trihydroxy-6-(hydroxymethyl)oxan-2-yl] (E)-3-(4-hydroxy-3,5-dimethoxyphenyl)prop-2-eno",nothing,0.791545,5,17.9598,46392.3,Yes,"[(1S,6S,7R)-6-acetyloxy-1-(3-methylbutanoyloxy)spiro[4a,5,6,7a-tetrahydro-1H-cyclopenta[c]pyran-7,2'-oxirane]-4-yl]methyl 3-methylbutanoate",First Analog,No matches,NA,NA,LVT_50DPI,LVB_50DPI,NA,NA,NA,NA,NA,NA,NA,NA,NA,NA,NA,LVB_142DPI,RVT_142DPI,RVB_142DPI
X374.303_3.189,410,374.303,3.189,NA,nothing,NA,NA,NA,NA,No,Self-Loop,Self-Loop,No matches,NA,NA,NA,NA,NA,NA,NA,NA,NA,NA,RVT_70DPI,NA,NA,NA,NA,NA,NA,NA
X374.304_3.197,410,374.304,3.197,NA,nothing,NA,NA,NA,NA,No,Self-Loop,Self-Loop,No matches,NA,NA,NA,NA,RVT_50DPI,NA,NA,NA,NA,NA,NA,NA,NA,NA,NA,NA,NA,NA
X376.319_3.155,4362,376.319,3.155,NA,nothing,NA,NA,NA,NA,No,Self-Loop,Self-Loop,No matches,NA,NA,NA,NA,NA,NA,NA,NA,NA,NA,NA,NA,NA,NA,NA,NA,NA,RVB_142DPI
X380.993_2.164,3068,380.993,2.164,NA,nothing,NA,NA,NA,NA,No,NA,None,No matches,NA,NA,LVT_50DPI,LVB_50DPI,NA,NA,NA,NA,LVT_70DPI,NA,NA,NA,NA,NA,NA,LVB_142DPI,NA,NA
X385.274_2.874,1907,385.274,2.874,MoNA:795388 Enoxolone (INN),nothing,0.957052,7,86.0733,182611,Yes,Spectral Match to O-Arachidonoylglycidol from NIST14,Second,Lipids and lipid-like molecules,NA,NA,NA,NA,NA,NA,NA,NA,NA,NA,RVT_70DPI,NA,NA,NA,NA,NA,NA,NA
X386.717_2.856,3214,386.717,2.856,"[(2E,6Z,10Z)-7,11-bis(acetyloxymethyl)-3,15-dimethylhexadeca-2,6,10,14-tetraenyl] acetate",nothing,0.854877,7,306.11,170698,Yes,Self-Loop,Self-Loop,No matches,NA,NA,NA,NA,NA,NA,NA,NA,LVT_70DPI,NA,NA,NA,NA,NA,NA,NA,NA,NA
X387.181_2.767,2,387.181,2.767,NA,nothing,NA,NA,NA,NA,No,smenospongidine,First Analog,No matches,LA_50DPI,NA,NA,LVB_50DPI,NA,NA,NA,NA,NA,NA,NA,NA,NA,NA,NA,LVB_142DPI,NA,RVB_142DPI
X387.193_2.842,8040,387.193,2.842,MoNA:918587 Innovar,nothing,0.86843,4,49.9657,148166,Yes,"[(1S,6S,7R)-6-acetyloxy-1-(3-methylbutanoyloxy)spiro[4a,5,6,7a-tetrahydro-1H-cyclopenta[c]pyran-7,2'-oxirane]-4-yl]methyl 3-methylbutanoate",First Analog,No matches,NA,NA,NA,NA,NA,NA,NA,NA,NA,NA,NA,NA,NA,NA,NA,LVB_142DPI,NA,NA
X391.211_2.639,4594,391.211,2.639,NA,nothing,NA,NA,NA,NA,No,"Massbank:RP003403 alpha-Linolenoyl Ethanolamide|(9Z,12Z,15Z)-N-(2-hydroxyethyl)octadeca-9,12,15-trienamide",First Analog,No matches,NA,NA,LVT_50DPI,NA,NA,NA,NA,NA,NA,NA,NA,NA,NA,NA,NA,NA,NA,NA
X396.332_2.991,632,396.332,2.991,"Massbank:AU406506 3,6,9,12-Tetraoxatetracosan-1-ol|Tetraethylene glycol monododecyl ether|2-[2-[2-(2-dodecoxyethoxy)ethoxy]ethoxy]ethanol",nothing,0.729564,8,33.0222,90892.7,Yes,Spectral Match to Nonaethylene glycol from NIST14,First Analog,Organic nitrogen compounds,NA,NA,NA,NA,NA,NA,NA,NA,NA,NA,NA,NA,NA,NA,NA,LVB_142DPI,NA,NA
X397.22_2.071,7218,397.22,2.071,NA,nothing,NA,NA,NA,NA,No,NA,None,No matches,NA,NA,NA,NA,NA,NA,NA,NA,NA,NA,NA,NA,NA,NA,NA,LVB_142DPI,NA,NA
X399.394_3.159,3160,399.394,3.159,NA,nothing,NA,NA,NA,NA,No,NA,None,No matches,NA,NA,NA,NA,NA,NA,NA,NA,NA,NA,NA,NA,NA,NA,NA,NA,RVT_142DPI,NA
X399.395_3.152,9512,399.395,3.152,NA,nothing,NA,NA,NA,NA,No,NA,None,No matches,NA,NA,NA,NA,NA,NA,NA,NA,NA,NA,NA,NA,NA,NA,NA,NA,RVT_142DPI,NA
X400.158_0.426,4875,400.158,0.426,NA,nothing,NA,NA,NA,NA,No,NA,None,No matches,NA,NA,NA,LVB_50DPI,NA,NA,NA,NA,NA,NA,NA,NA,NA,NA,NA,NA,NA,NA
X400.159_0.337,4703,400.159,0.337,NA,nothing,NA,NA,NA,NA,No,NA,None,No matches,NA,NA,NA,LVB_50DPI,NA,NA,NA,NA,NA,LVB_70DPI,NA,NA,NA,NA,NA,NA,NA,NA
X400.307_3.013,9298,400.307,3.013,Spectral Match to p-tert-Octylphenol tetraglycol ether from NIST14,nothing,0.882288,13,17.0288,44429.3,Yes,Spectral Match to p-tert-Octylphenol tetraglycol ether from NIST14,First,No matches,NA,NA,NA,NA,NA,NA,NA,NA,NA,LVB_70DPI,NA,NA,NA,NA,NA,NA,NA,NA
X400.342_2.89,346,400.342,2.89,PALMITOYLCARNITINE,CAR 16:0_C23H45NO4,0.9779,9,0.000183105,0.457373,No,Massbank:RP025603 Stearoyl-L-Carnitine|stearoylcarnitine|3-octadecanoyloxy-4-(trimethylazaniumyl)butanoate,First,Lipids and lipid-like molecules,NA,NA,NA,NA,NA,NA,NA,NA,NA,NA,NA,NA,NA,NA,NA,NA,RVT_142DPI,NA
X400.97_2.127,3110,400.97,2.127,NA,nothing,NA,NA,NA,NA,No,Self-Loop,Self-Loop,No matches,NA,NA,NA,NA,NA,NA,NA,NA,NA,NA,NA,NA,NA,NA,NA,LVB_142DPI,NA,NA
X404.207_2.768,5,404.207,2.768,NA,nothing,NA,NA,NA,NA,No,smenospongidine,First Analog,No matches,NA,NA,NA,LVB_50DPI,NA,NA,NA,NA,NA,NA,NA,NA,NA,NA,NA,NA,NA,RVB_142DPI
X406.154_2.765,7464,406.154,2.765,"ReSpect:PT112290 E-3,4,5'-trihydroxy-3'-glucopyranosylstilbene|E-Astringin|(2S,3R,4S,5S,6R)-2-[3-[(E)-2-(3,4-dihydroxyphenyl)ethenyl]-5-hydroxyphenoxy]-6-(hydroxymethyl)oxane-3,4,5-triol",nothing,0.722139,8,405.175,69.6577,Yes,smenospongidine,Second Analog,No matches,NA,NA,NA,NA,NA,NA,NA,NA,NA,NA,NA,NA,NA,NA,NA,LVB_142DPI,NA,RVB_142DPI
X408.309_3.341,8946,408.309,3.341,Cholestan-3-One,nothing,0.804033,12,1.0351,2528.67,Yes,Cholestan-3-One,First Analog,No matches,NA,NA,NA,NA,NA,NA,NA,NA,NA,NA,NA,RVB_70DPI,NA,NA,NA,NA,NA,NA
X408.952_0.314,4776,408.952,0.314,NA,nothing,NA,NA,NA,NA,No,NA,None,No matches,NA,NA,NA,LVB_50DPI,NA,NA,NA,NA,NA,NA,NA,NA,NA,NA,NA,NA,NA,NA
X409.162_2.768,14,409.162,2.768,NA,nothing,NA,NA,NA,NA,No,Self-Loop,Self-Loop,No matches,LA_50DPI,NA,NA,LVB_50DPI,NA,NA,NA,NA,NA,NA,NA,NA,NA,NA,NA,NA,NA,RVB_142DPI
X414.14_2.772,341,414.14,2.772,NA,nothing,NA,NA,NA,NA,No,NA,None,No matches,NA,NA,LVT_50DPI,NA,NA,NA,NA,NA,NA,NA,NA,NA,NA,NA,NA,NA,NA,NA
X415.14_2.768,1870,415.14,2.768,NA,nothing,NA,NA,NA,NA,No,NA,None,No matches,NA,NA,NA,NA,NA,NA,NA,NA,NA,NA,NA,NA,NA,NA,NA,NA,NA,RVB_142DPI
X415.157_0.304,6342,415.157,0.304,NA,nothing,NA,NA,NA,NA,No,NA,None,No matches,NA,NA,LVT_50DPI,NA,NA,NA,NA,NA,NA,NA,NA,NA,NA,NA,NA,NA,NA,NA
X415.158_0.304,8962,415.158,0.304,NA,nothing,NA,NA,NA,NA,No,NA,None,No matches,NA,NA,NA,LVB_50DPI,NA,NA,NA,NA,NA,NA,NA,NA,NA,NA,NA,NA,NA,NA
X416.337_2.79,338,416.337,2.79,Massbank:RP025103 Oleoyl-L-Carnitine|(3R)-3-[(Z)-octadec-9-enoyl]oxy-4-(trimethylazaniumyl)butanoate,CAR 16:0;O_C23H45NO5,0.943095,6,10.0209,23503.5,Yes,Massbank:RP025103 Oleoyl-L-Carnitine|(3R)-3-[(Z)-octadec-9-enoyl]oxy-4-(trimethylazaniumyl)butanoate,First Analog,Lipids and lipid-like molecules,NA,NA,NA,NA,NA,NA,NA,NA,NA,NA,NA,NA,NA,NA,NA,LVB_142DPI,RVT_142DPI,NA
X420.899_2.103,3096,420.899,2.103,NA,nothing,NA,NA,NA,NA,No,NA,None,No matches,NA,NA,LVT_50DPI,LVB_50DPI,NA,NA,NA,NA,NA,NA,NA,NA,NA,NA,NA,LVB_142DPI,NA,NA
X425.136_2.773,136,425.136,2.773,NA,nothing,NA,NA,NA,NA,No,Self-Loop,Self-Loop,No matches,NA,NA,NA,NA,NA,NA,NA,NA,NA,NA,NA,NA,NA,RA_142DPI,NA,NA,NA,NA
X426.484_2.164,3085,426.484,2.164,NA,nothing,NA,NA,NA,NA,No,NA,None,No matches,NA,NA,NA,NA,NA,NA,NA,NA,LVT_70DPI,NA,NA,NA,NA,NA,NA,LVB_142DPI,NA,NA
X429.191_2.885,359,429.191,2.885,MoNA:918587 Innovar,nothing,0.911744,4,91.9641,272707,Yes,"ReSpect:PT111810 1-O-b-D-glucopyranosyl sinapate|1-O-Sinapoyl-beta-D-glucose|1-O-Sinapoyl beta-D-glucoside|[(2S,3R,4S,5S,6R)-3,4,5-trihydroxy-6-(hydroxymethyl)oxan-2-yl] (E)-3-(4-hydroxy-3,5-dimethoxyphenyl)prop-2-eno",First Analog,No matches,NA,NA,NA,NA,NA,NA,NA,NA,NA,NA,NA,NA,NA,NA,NA,NA,NA,RVB_142DPI
X430.223_2.768,8304,430.223,2.768,"ReSpect:PT101903 Cytidine-5'-diphosphate sodium salt hydrate,from yeast|CDP Sodium Salt|Cytidine 5'-Diphosphoric Acid|[(2R,3S,4R,5R)-5-(4-amino-2-oxopyrimidin-1-yl)-3,4-dihydroxyoxolan-2-yl]methyl phosphono hydrogen p",nothing,0.821752,5,26.1974,64840.8,Yes,"ReSpect:PT101903 Cytidine-5'-diphosphate sodium salt hydrate,from yeast|CDP Sodium Salt|Cytidine 5'-Diphosphoric Acid|[(2R,3S,4R,5R)-5-(4-amino-2-oxopyrimidin-1-yl)-3,4-dihydroxyoxolan-2-yl]methyl phosphono hydrogen p",First Analog,No matches,NA,NA,NA,NA,NA,NA,NA,NA,NA,NA,NA,NA,NA,NA,NA,NA,RVT_142DPI,NA
X430.223_2.769,8304,430.223,2.769,"ReSpect:PT101903 Cytidine-5'-diphosphate sodium salt hydrate,from yeast|CDP Sodium Salt|Cytidine 5'-Diphosphoric Acid|[(2R,3S,4R,5R)-5-(4-amino-2-oxopyrimidin-1-yl)-3,4-dihydroxyoxolan-2-yl]methyl phosphono hydrogen p",nothing,0.821752,5,26.1974,64840.8,Yes,"ReSpect:PT101903 Cytidine-5'-diphosphate sodium salt hydrate,from yeast|CDP Sodium Salt|Cytidine 5'-Diphosphoric Acid|[(2R,3S,4R,5R)-5-(4-amino-2-oxopyrimidin-1-yl)-3,4-dihydroxyoxolan-2-yl]methyl phosphono hydrogen p",First Analog,No matches,NA,NA,NA,NA,NA,NA,NA,NA,NA,NA,NA,NA,NA,NA,NA,LVB_142DPI,NA,NA
X440.338_2.763,5113,440.338,2.763,Massbank:RP025103 Oleoyl-L-Carnitine|(3R)-3-[(Z)-octadec-9-enoyl]oxy-4-(trimethylazaniumyl)butanoate,CAR 18:2;O_C25H45NO5,0.935914,6,13.9796,32788.4,Yes,Massbank:RP025103 Oleoyl-L-Carnitine|(3R)-3-[(Z)-octadec-9-enoyl]oxy-4-(trimethylazaniumyl)butanoate,First Analog,Lipids and lipid-like molecules,NA,NA,NA,NA,NA,NA,NA,NA,NA,NA,NA,NA,NA,NA,NA,LVB_142DPI,NA,NA
X441.136_2.721,840,441.136,2.721,NA,nothing,NA,NA,NA,NA,No,NA,None,No matches,NA,NA,NA,NA,RVT_50DPI,NA,NA,NA,NA,NA,NA,NA,NA,NA,NA,NA,NA,NA
X442.353_2.819,3191,442.353,2.819,Massbank:RP025103 Oleoyl-L-Carnitine|(3R)-3-[(Z)-octadec-9-enoyl]oxy-4-(trimethylazaniumyl)butanoate,CAR 18:1;O_C25H47NO5,0.952474,7,15.9945,37514.3,Yes,Massbank:RP025103 Oleoyl-L-Carnitine|(3R)-3-[(Z)-octadec-9-enoyl]oxy-4-(trimethylazaniumyl)butanoate,Second,Lipids and lipid-like molecules,NA,NA,NA,NA,NA,NA,NA,NA,NA,NA,NA,NA,NA,NA,NA,LVB_142DPI,NA,NA
X444.369_2.876,804,444.369,2.876,Massbank:RP025103 Oleoyl-L-Carnitine|(3R)-3-[(Z)-octadec-9-enoyl]oxy-4-(trimethylazaniumyl)butanoate,CAR 18:0;O_C25H49NO5,0.923964,4,18.0105,42242.7,Yes,Massbank:RP025103 Oleoyl-L-Carnitine|(3R)-3-[(Z)-octadec-9-enoyl]oxy-4-(trimethylazaniumyl)butanoate,First Analog,Lipids and lipid-like molecules,NA,NA,NA,NA,NA,NA,NA,NA,NA,NA,NA,NA,NA,NA,NA,LVB_142DPI,NA,NA
X445.221_2.633,6586,445.221,2.633,NA,nothing,NA,NA,NA,NA,No,Self-Loop,Self-Loop,No matches,NA,NA,NA,NA,NA,NA,NA,NA,NA,LVB_70DPI,NA,NA,NA,NA,NA,NA,NA,NA
X446.218_2.884,378,446.218,2.884,NA,nothing,NA,NA,NA,NA,No,"ReSpect:PT111810 1-O-b-D-glucopyranosyl sinapate|1-O-Sinapoyl-beta-D-glucose|1-O-Sinapoyl beta-D-glucoside|[(2S,3R,4S,5S,6R)-3,4,5-trihydroxy-6-(hydroxymethyl)oxan-2-yl] (E)-3-(4-hydroxy-3,5-dimethoxyphenyl)prop-2-eno",First Analog,No matches,NA,NA,NA,NA,NA,NA,NA,NA,NA,NA,RVT_70DPI,NA,NA,NA,NA,NA,NA,RVB_142DPI
X449.738_2.229,3082,449.738,2.229,NA,nothing,NA,NA,NA,NA,No,NA,None,No matches,NA,NA,LVT_50DPI,LVB_50DPI,NA,NA,NA,NA,NA,NA,NA,NA,NA,NA,NA,NA,NA,NA
X454.294_2.917,151,454.294,2.917,Spectral Match to 1-Palmitoyl-2-hydroxy-sn-glycero-3-phosphoethanolamine from NIST14,LPE 16:0_C21H44NO7P or LPE O-16:1;O_C21H44NO7P,0.974442,12,0.000610352,1.34352,No,Spectral Match to 1-Palmitoyl-2-hydroxy-sn-glycero-3-phosphoethanolamine from NIST14,First,Lipids and lipid-like molecules,NA,NA,NA,NA,NA,NA,NA,NA,NA,NA,NA,RVB_70DPI,NA,NA,NA,NA,NA,NA
X455.725_2.239,3080,455.725,2.239,NA,nothing,NA,NA,NA,NA,No,NA,None,No matches,NA,NA,LVT_50DPI,LVB_50DPI,NA,NA,NA,NA,LVT_70DPI,NA,NA,NA,NA,NA,NA,LVB_142DPI,NA,NA
X458.23_2.165,3072,458.23,2.165,NA,nothing,NA,NA,NA,NA,No,Self-Loop,Self-Loop,No matches,NA,NA,LVT_50DPI,NA,NA,NA,NA,NA,LVT_70DPI,NA,NA,NA,NA,NA,NA,LVB_142DPI,NA,NA
X466.25_2.226,3064,466.25,2.226,NA,nothing,NA,NA,NA,NA,No,NA,None,No matches,NA,NA,LVT_50DPI,NA,NA,NA,NA,NA,LVT_70DPI,NA,NA,NA,NA,NA,NA,LVB_142DPI,NA,NA
X468.309_2.821,8308,468.309,2.821,Spectral Match to 1-Myristoyl-sn-glycero-3-phosphocholine from NIST14,LPC 14:0_C22H46NO7P or LPC O-14:1;O_C22H46NO7P or PC O-14:0_C22H46NO7P,0.938107,11,0.000274658,0.586491,No,Spectral Match to 1-Heptadecanoyl-sn-glycero-3-phosphocholine from NIST14,First,Lipids and lipid-like molecules,NA,NA,NA,NA,NA,NA,NA,NA,NA,LVB_70DPI,NA,NA,NA,NA,NA,NA,NA,NA
X472.363_3.023,1899,472.363,3.023,Spectral Match to p-tert-Octylphenol pentaglycol ether from NIST14,nothing,0.735546,11,45.0585,105448,Yes,Spectral Match to p-tert-Octylphenol heptaglycol ether from NIST14,First Analog,No matches,NA,NA,NA,NA,NA,NA,NA,NA,NA,NA,NA,NA,LA_142DPI,NA,NA,NA,NA,NA
X473.238_2.238,5707,473.238,2.238,NA,nothing,NA,NA,NA,NA,No,NA,None,No matches,NA,NA,NA,NA,NA,NA,LA_70DPI,NA,NA,NA,NA,NA,NA,NA,NA,NA,NA,NA
X475.989_2.164,495,475.989,2.164,NA,nothing,NA,NA,NA,NA,No,NA,None,No matches,NA,NA,LVT_50DPI,LVB_50DPI,RVT_50DPI,NA,NA,NA,LVT_70DPI,LVB_70DPI,NA,NA,NA,NA,NA,LVB_142DPI,NA,RVB_142DPI
X476.24_2.164,436,476.24,2.164,NA,nothing,NA,NA,NA,NA,No,NA,None,No matches,NA,NA,LVT_50DPI,LVB_50DPI,RVT_50DPI,NA,NA,NA,NA,LVB_70DPI,NA,NA,NA,NA,NA,LVB_142DPI,NA,RVB_142DPI
X478.294_2.879,672,478.294,2.879,NCGC00380283-01!4-[5-[[4-[5-[acetyl(hydroxy)amino]pentylamino]-4-oxobutanoyl]-hydroxyamino]pentylamino]-4-oxobutanoic acid,NCGC00380283-01!4-[5-[[4-[5-[acetyl(hydroxy)amino]pentylamino]-4-oxobutanoyl]-hydroxyamino]pentylamino]-4-oxobutanoic acid_C20H36N4O8,0.759182,9,0.00662231,13.8459,No,NCGC00380283-01!4-[5-[[4-[5-[acetyl(hydroxy)amino]pentylamino]-4-oxobutanoyl]-hydroxyamino]pentylamino]-4-oxobutanoic acid,First,Lipids and lipid-like molecules,NA,NA,NA,NA,RVT_50DPI,NA,NA,NA,NA,NA,NA,NA,NA,NA,NA,NA,NA,NA
X479.152_2.786,1000,479.152,2.786,NA,nothing,NA,NA,NA,NA,No,Self-Loop,Self-Loop,No matches,NA,NA,NA,NA,RVT_50DPI,NA,NA,NA,NA,NA,NA,NA,NA,NA,NA,NA,NA,NA
X480.309_2.951,7832,480.309,2.951,Spectral Match to 1-(9Z-Octadecenoyl)-sn-glycero-3-phosphoethanolamine from NIST14,LPE 18:1_C23H46NO7P or LPE O-18:2;O_C23H46NO7P or LPE 18:0;O_C23H48NO8P,0.793565,11,0.000274658,0.571838,No,Spectral Match to 1-(9Z-Octadecenoyl)-sn-glycero-3-phosphoethanolamine from NIST14,First,Lipids and lipid-like molecules,NA,NA,NA,NA,NA,NA,NA,NA,NA,NA,NA,NA,NA,NA,NA,NA,NA,RVB_142DPI
X480.345_2.967,1810,480.345,2.967,Spectral Match to 1-(1Z-Hexadecenyl)-sn-glycero-3-phosphocholine from NIST14,LPC O-16:1_C24H50NO6P or LPC O-16:0;O_C24H52NO7P,0.842359,11,0.00198364,4.1296,No,Spectral Match to 1-(1Z-Octadecenyl)-sn-glycero-3-phosphocholine from NIST14,First,Lipids and lipid-like molecules,NA,NA,NA,NA,NA,NA,NA,NA,NA,LVB_70DPI,NA,NA,NA,NA,NA,NA,NA,NA
X482.325_3.027,66,482.325,3.027,Spectral Match to 1-Palmitoyl-2-hydroxy-sn-glycero-3-phosphoethanolamine from NIST14,LPE 18:0_C23H48NO7P or LPE O-18:1;O_C23H48NO7P,0.763045,9,28.0321,61704.9,Yes,Spectral Match to 1-Palmitoyl-2-hydroxy-sn-glycero-3-phosphoethanolamine from NIST14,First Analog,No matches,NA,NA,NA,NA,NA,NA,NA,NA,NA,LVB_70DPI,NA,NA,NA,NA,NA,NA,NA,NA
X482.361_2.958,537,482.361,2.958,Spectral Match to 1-Hexadecyl-sn-glycero-3-phosphocholine from NIST14,LPC O-16:0_C24H52NO6P,0.925062,7,0.0012207,2.53069,No,ReSpect:PM018116 sn-Glycero-3-phosphocholine,First,Lipids and lipid-like molecules,NA,NA,NA,NA,NA,NA,NA,NA,NA,LVB_70DPI,RVT_70DPI,RVB_70DPI,NA,NA,NA,NA,NA,NA
X484.385_2.982,708,484.385,2.982,Spectral Match to Nonaethylene glycol from NIST14,nothing,0.816652,8,69.1318,166481,Yes,"Massbank:AU406506 3,6,9,12-Tetraoxatetracosan-1-ol|Tetraethylene glycol monododecyl ether|2-[2-[2-(2-dodecoxyethoxy)ethoxy]ethoxy]ethanol",First Analog,Organic nitrogen compounds,NA,NA,NA,NA,NA,NA,NA,NA,NA,NA,NA,NA,NA,NA,NA,LVB_142DPI,NA,NA
X486.098_2.765,1079,486.098,2.765,NA,nothing,NA,NA,NA,NA,No,NA,None,No matches,NA,NA,NA,NA,NA,NA,NA,NA,NA,NA,NA,NA,NA,NA,NA,NA,NA,RVB_142DPI
X488.359_3.01,1901,488.359,3.01,Spectral Match to p-tert-Octylphenol hexaglycol ether from NIST14,nothing,0.8569,17,17.0268,36124.8,Yes,Spectral Match to p-tert-Octylphenol hexaglycol ether from NIST14,First,No matches,NA,NA,NA,NA,NA,NA,NA,NA,NA,NA,NA,NA,LA_142DPI,NA,NA,NA,NA,NA
X489.228_2.768,25,489.228,2.768,NA,nothing,NA,NA,NA,NA,No,"[(1S,6S,7R)-6-acetyloxy-1-(3-methylbutanoyloxy)spiro[4a,5,6,7a-tetrahydro-1H-cyclopenta[c]pyran-7,2'-oxirane]-4-yl]methyl 3-methylbutanoate",First Analog,No matches,LA_50DPI,NA,LVT_50DPI,LVB_50DPI,NA,NA,NA,NA,NA,NA,NA,NA,NA,RA_142DPI,NA,LVB_142DPI,RVT_142DPI,RVB_142DPI
X493.314_3.018,6267,493.314,3.018,NA,nothing,NA,NA,NA,NA,No,Spectral Match to p-tert-Octylphenol pentaglycol ether from NIST14,Second,No matches,NA,NA,NA,NA,NA,NA,NA,NA,NA,LVB_70DPI,NA,NA,NA,NA,NA,NA,NA,NA
X493.315_3.011,6267,493.315,3.011,NA,nothing,NA,NA,NA,NA,No,Spectral Match to p-tert-Octylphenol pentaglycol ether from NIST14,Second,No matches,NA,NA,NA,NA,NA,NA,NA,NA,NA,LVB_70DPI,NA,NA,NA,NA,NA,NA,NA,NA
X494.324_2.861,727,494.324,2.861,Brominated Phosphatidylcholine C24H47BrNO8 - putative - Functions on the acyl moity have unknown location,nothing,0.941527,7,93.9056,159641,Yes,Spectral Match to Lyso-PC(16:0) from NIST14,First,Lipids and lipid-like molecules,NA,NA,NA,NA,NA,NA,NA,NA,NA,LVB_70DPI,NA,NA,NA,NA,NA,NA,NA,NA
X494.325_2.865,4655,494.325,2.865,Spectral Match to Lyso-PC(16:0) from NIST14,LPC 16:1_C24H48NO7P or LPC O-16:2;O_C24H48NO7P or LPC 16:0;O_C24H50NO8P,0.958488,12,2.00381,4037.27,Yes,Massbank:PR310841 LPC 18:3,First,Lipids and lipid-like molecules,NA,NA,NA,NA,NA,NA,NA,NA,NA,LVB_70DPI,RVT_70DPI,NA,NA,NA,NA,NA,NA,NA
X496.341_2.926,9491,496.341,2.926,Spectral Match to Lyso-PC(16:0) from NIST14,LPC 16:0_C24H50NO7P or LPC O-16:1;O_C24H50NO7P or PC O-16:0_C24H50NO7P,0.975604,10,0.0122986,24.7791,No,Spectral Match to 1-Stearoyl-2-hydroxy-sn-glycero-3-phosphocholine from NIST14,First,Lipids and lipid-like molecules,NA,NA,NA,NA,NA,NA,NA,NA,NA,NA,RVT_70DPI,RVB_70DPI,NA,NA,NA,NA,NA,NA
X502.257_2.547,5592,502.257,2.547,Brominated Phosphatidylcholine C24H47BrNO8 - putative - Functions on the acyl moity have unknown location,nothing,0.928972,6,85.9728,146155,Yes,Massbank:PR310841 LPC 18:3,Second,Lipids and lipid-like molecules,NA,NA,NA,NA,NA,NA,NA,NA,NA,NA,RVT_70DPI,NA,NA,NA,NA,NA,NA,NA
X502.294_2.879,264,502.294,2.879,PE(20:4/0:0); [M+H]+ C25H45N1O7P1,nothing,0.76092,10,1.0076,2010.03,Yes,PE(22:4/0:0); [M+H]+ C27H49N1O7P1,First Analog,Lipids and lipid-like molecules,NA,NA,NA,NA,NA,NA,NA,NA,NA,NA,NA,NA,NA,NA,NA,NA,NA,RVB_142DPI
X506.255_3.172,4581,506.255,3.172,NA,nothing,NA,NA,NA,NA,No,MoNA:918587 Innovar,First Analog,No matches,NA,NA,NA,NA,NA,NA,NA,NA,NA,NA,NA,NA,NA,NA,NA,NA,RVT_142DPI,NA
X508.376_2.995,4341,508.376,2.995,Spectral Match to 1-(1Z-Octadecenyl)-sn-glycero-3-phosphocholine from NIST14,LPC O-18:1_C26H54NO6P or LPC O-18:0;O_C26H56NO7P,0.862112,8,0.00140381,2.76136,No,Spectral Match to 1-(1Z-Octadecenyl)-sn-glycero-3-phosphocholine from NIST14,First,Lipids and lipid-like molecules,LA_50DPI,NA,NA,NA,NA,NA,LA_70DPI,RA_70DPI,NA,LVB_70DPI,NA,NA,NA,NA,NA,NA,NA,NA
X510.356_2.983,419,510.356,2.983,Spectral Match to 1-Heptadecanoyl-sn-glycero-3-phosphocholine from NIST14,LPC 17:0_C25H52NO7P or LPC O-17:1;O_C25H52NO7P or PC O-17:0_C25H52NO7P,0.956776,10,0.000305176,0.597966,No,Spectral Match to 1-Myristoyl-sn-glycero-3-phosphocholine from NIST14,First,Lipids and lipid-like molecules,NA,NA,NA,NA,NA,NA,NA,NA,NA,NA,RVT_70DPI,RVB_70DPI,NA,NA,NA,NA,NA,NA
X511.21_3.171,9375,511.21,3.171,NA,nothing,NA,NA,NA,NA,No,Self-Loop,Self-Loop,No matches,NA,NA,NA,NA,NA,NA,NA,NA,NA,NA,NA,NA,NA,NA,NA,NA,NA,RVB_142DPI
X516.39_3.018,8038,516.39,3.018,Spectral Match to p-tert-Octylphenol heptaglycol ether from NIST14,nothing,0.836192,17,1.03601,2010.29,Yes,Spectral Match to p-tert-Octylphenol heptaglycol ether from NIST14,First Analog,No matches,NA,NA,NA,NA,NA,NA,NA,NA,NA,NA,NA,NA,LA_142DPI,NA,NA,NA,NA,NA
X518.323_2.92,493,518.323,2.92,Massbank:PR310841 LPC 18:3,LPC 18:3_C26H48NO7P or LPC O-18:4;O_C26H48NO7P or LPC 18:2;O_C26H50NO8P or PC 18:1_C26H50NO8P,0.733134,7,0.00396729,7.65403,No,Massbank:PR310841 LPC 18:3,First,Lipids and lipid-like molecules,NA,NA,NA,NA,NA,NA,NA,NA,NA,NA,RVT_70DPI,NA,NA,NA,NA,NA,NA,NA
X518.325_2.837,1962,518.325,2.837,Massbank:PR310841 LPC 18:3,LPC 18:3_C26H48NO7P or LPC O-18:4;O_C26H48NO7P or LPC 18:2;O_C26H50NO8P or PC 18:1_C26H50NO8P,0.748607,8,0.00128174,2.47284,No,Spectral Match to 1-(9Z-Octadecenoyl)-sn-glycero-3-phosphocholine from NIST14,First,Lipids and lipid-like molecules,NA,NA,NA,NA,NA,NA,NA,NA,NA,NA,NA,NA,NA,NA,NA,LVB_142DPI,NA,NA
X520.341_2.89,135,520.341,2.89,Massbank:PR310844 LPC 18:2,LPC 18:2_C26H50NO7P or LPC O-18:3;O_C26H50NO7P or LPC 18:1;O_C26H52NO8P or PC 18:0_C26H52NO8P,0.72398,4,0.000427246,0.821089,No,Self-Loop,Self-Loop,Lipids and lipid-like molecules,NA,NA,NA,NA,NA,NA,NA,NA,NA,NA,NA,NA,NA,NA,NA,NA,NA,RVB_142DPI
X522.357_2.957,65,522.357,2.957,Spectral Match to 1-(9Z-Octadecenoyl)-sn-glycero-3-phosphocholine from NIST14,LPC 18:1_C26H52NO7P or LPC O-18:2;O_C26H52NO7P or LPC 18:0;O_C26H54NO8P or PC O-18:1_C26H52NO7P,0.883564,9,0.00164795,3.15485,No,Self-Loop,Self-Loop,No matches,NA,NA,NA,NA,NA,NA,NA,NA,NA,NA,NA,NA,NA,NA,NA,NA,NA,RVB_142DPI
X524.278_2.733,6081,524.278,2.733,NA,nothing,NA,NA,NA,NA,No,NA,None,No matches,NA,NA,NA,NA,NA,NA,NA,NA,NA,NA,RVT_70DPI,NA,NA,NA,NA,NA,NA,NA
X526.294_2.877,180,526.294,2.877,"6-[3-(3,4-dimethoxyphenyl)-1,3,3a,4,6,6a-hexahydrofuro[3,4-c]furan-6-yl]-4-methoxy-1,3-benzodioxole",nothing,0.754947,7,87.1788,198533,Yes,PE(22:4/0:0); [M+H]+ C27H49N1O7P1,First Analog,Lipids and lipid-like molecules,NA,NA,NA,NA,NA,NA,NA,NA,NA,LVB_70DPI,RVT_70DPI,RVB_70DPI,NA,NA,NA,NA,NA,NA
X528.311_2.928,8010,528.311,2.928,NCGC00380283-01!4-[5-[[4-[5-[acetyl(hydroxy)amino]pentylamino]-4-oxobutanoyl]-hydroxyamino]pentylamino]-4-oxobutanoic acid,nothing,0.710053,9,50.0235,104589,Yes,NCGC00380283-01!4-[5-[[4-[5-[acetyl(hydroxy)amino]pentylamino]-4-oxobutanoyl]-hydroxyamino]pentylamino]-4-oxobutanoic acid,First Analog,Lipids and lipid-like molecules,NA,NA,NA,NA,RVT_50DPI,NA,NA,NA,NA,NA,NA,NA,NA,NA,NA,NA,NA,RVB_142DPI
X530.289_2.929,1780,530.289,2.929,NA,nothing,NA,NA,NA,NA,No,NA,None,No matches,NA,NA,NA,NA,NA,NA,NA,NA,NA,NA,NA,RVB_70DPI,NA,NA,NA,NA,RVT_142DPI,NA
X532.385_3.004,1843,532.385,3.004,Spectral Match to p-tert-Octylphenol heptaglycol ether from NIST14,nothing,0.892445,16,17.0301,33045.4,Yes,Spectral Match to p-tert-Octylphenol heptaglycol ether from NIST14,First,No matches,NA,NA,NA,NA,NA,NA,NA,NA,NA,NA,NA,NA,LA_142DPI,NA,NA,NA,NA,NA
X534.286_3.175,623,534.286,3.175,NA,nothing,NA,NA,NA,NA,No,"ReSpect:PT111810 1-O-b-D-glucopyranosyl sinapate|1-O-Sinapoyl-beta-D-glucose|1-O-Sinapoyl beta-D-glucoside|[(2S,3R,4S,5S,6R)-3,4,5-trihydroxy-6-(hydroxymethyl)oxan-2-yl] (E)-3-(4-hydroxy-3,5-dimethoxyphenyl)prop-2-eno",First Analog,No matches,LA_50DPI,NA,NA,NA,NA,NA,NA,NA,NA,NA,NA,NA,NA,NA,NA,NA,NA,NA
X538.315_2.977,358,538.315,2.977,NA,nothing,NA,NA,NA,NA,No,DIDECANOYL-GLYCEROPHOSPHOCHOLINE,Fourth Analog,No matches,NA,NA,NA,LVB_50DPI,NA,NA,NA,NA,NA,NA,NA,NA,NA,NA,NA,NA,NA,NA
X540.273_2.812,4872,540.273,2.812,NA,nothing,NA,NA,NA,NA,No,NA,None,No matches,NA,NA,NA,NA,NA,NA,NA,NA,NA,LVB_70DPI,NA,NA,NA,NA,NA,NA,NA,NA
X542.289_2.779,2175,542.289,2.779,Spectral Match to Lyso-PC(16:0) from NIST14,nothing,0.869027,7,45.9591,92598,Yes,Spectral Match to Lyso-PC(16:0) from NIST14,First Analog,Lipids and lipid-like molecules,NA,NA,NA,NA,NA,NA,NA,NA,NA,NA,RVT_70DPI,NA,NA,NA,NA,NA,NA,NA
X544.34_2.89,162,544.34,2.89,Spectral Match to Lyso-PC(16:0) from NIST14,LPC 20:4_C28H50NO7P,0.934161,7,48.0114,96733,Yes,Self-Loop,Self-Loop,No matches,NA,NA,NA,NA,NA,NA,NA,NA,NA,NA,NA,NA,NA,NA,NA,NA,NA,RVB_142DPI
X550.351_3.01,196,550.351,3.01,DIDECANOYL-GLYCEROPHOSPHOCHOLINE,LPC 19:2;O_C27H52NO8P or PC 19:1_C27H52NO8P,0.95536,7,16.031,28304.2,Yes,Self-Loop,Self-Loop,No matches,LA_50DPI,NA,NA,NA,NA,NA,NA,NA,NA,NA,NA,NA,NA,NA,NA,NA,NA,NA
X554.288_2.924,510,554.288,2.924,"[(2E,6Z,10Z)-7,11-bis(acetyloxymethyl)-3,15-dimethylhexadeca-2,6,10,14-tetraenyl] acetate",nothing,0.70346,8,83.0165,176154,Yes,"6-[3-(3,4-dimethoxyphenyl)-1,3,3a,4,6,6a-hexahydrofuro[3,4-c]furan-6-yl]-4-methoxy-1,3-benzodioxole",First Analog,Lipids and lipid-like molecules,NA,NA,NA,NA,NA,NA,NA,NA,NA,NA,NA,RVB_70DPI,NA,NA,NA,NA,NA,NA
X554.31_2.942,161,554.31,2.942,NA,nothing,NA,NA,NA,NA,No,NA,None,No matches,NA,NA,NA,LVB_50DPI,NA,NA,NA,NA,NA,NA,NA,NA,NA,NA,NA,NA,NA,NA
X558.283_2.723,2203,558.283,2.723,NA,nothing,NA,NA,NA,NA,No,NA,None,No matches,NA,NA,NA,NA,NA,NA,NA,NA,NA,NA,RVT_70DPI,NA,NA,NA,NA,NA,NA,NA
X558.284_2.634,4420,558.284,2.634,Spectral Match to Lyso-PC(16:0) from NIST14,nothing,0.900604,7,61.9548,124826,Yes,Spectral Match to Lyso-PC(16:0) from NIST14,First Analog,Lipids and lipid-like molecules,NA,NA,NA,NA,NA,NA,NA,NA,NA,NA,RVT_70DPI,NA,NA,NA,NA,NA,NA,NA
X560.416_3.006,1887,560.416,3.006,Spectral Match to p-tert-Octylphenol heptaglycol ether from NIST14,nothing,0.871493,17,45.0612,87437.2,Yes,Spectral Match to p-tert-Octylphenol heptaglycol ether from NIST14,First Analog,No matches,NA,NA,NA,NA,NA,NA,NA,NA,NA,NA,NA,NA,LA_142DPI,NA,NA,NA,NA,NA
X564.331_3.008,779,564.331,3.008,NA,nothing,NA,NA,NA,NA,No,DIDECANOYL-GLYCEROPHOSPHOCHOLINE,Fourth Analog,No matches,NA,NA,NA,LVB_50DPI,NA,NA,NA,NA,NA,NA,NA,NA,NA,NA,NA,NA,NA,NA
X564.365_3.022,2197,564.365,3.022,Spectral Match to 1-Palmitoyl-2-glutaryl phosphatidylcholine from NIST14,LPC 20:2;O_C28H54NO8P or PC 20:1_C28H54NO8P or PC O-20:2;O_C28H54NO8P or PC 20:0;O_C28H56NO9P,0.827238,5,46.006,75373.8,Yes,DIDECANOYL-GLYCEROPHOSPHOCHOLINE,First Analog,No matches,LA_50DPI,NA,NA,NA,NA,NA,NA,NA,NA,NA,NA,NA,NA,NA,NA,NA,NA,NA
X568.341_2.887,113,568.341,2.887,Spectral Match to 1-Stearoyl-2-hydroxy-sn-glycero-3-phosphocholine from NIST14,LPC 22:6_C30H50NO7P or PC O-22:6_C30H50NO7P or LPC 22:5;O_C30H52NO8P or PC 22:4_C30H52NO8P or PC O-22:5;O_C30H52NO8P,0.920392,7,43.9735,83860.2,Yes,Spectral Match to 1-(9Z-Octadecenoyl)-sn-glycero-3-phosphocholine from NIST14,First,Lipids and lipid-like molecules,NA,NA,NA,NA,NA,NA,NA,NA,NA,NA,RVT_70DPI,RVB_70DPI,NA,NA,NA,NA,NA,RVB_142DPI
X570.357_2.934,6965,570.357,2.934,Spectral Match to PAF C-16 from NIST14,nothing,0.917107,8,45.9854,87696.2,Yes,Self-Loop,Self-Loop,No matches,NA,NA,NA,NA,NA,NA,NA,NA,NA,NA,NA,NA,NA,NA,NA,NA,NA,RVB_142DPI
X576.411_2.999,1837,576.411,2.999,Spectral Match to p-tert-Octylphenol heptaglycol ether from NIST14,nothing,0.893284,16,61.0563,118474,Yes,Spectral Match to p-tert-Octylphenol undecaglycol ether from NIST14,Second,No matches,NA,NA,NA,NA,NA,NA,NA,NA,NA,NA,NA,NA,LA_142DPI,NA,NA,NA,NA,NA
X580.361_2.989,32,580.361,2.989,"Spectral Match to 1,2-Ditetradecanoyl-sn-glycero-3-phosphocholine from NIST14",PC 20:1;O_C28H54NO9P,0.923038,6,98.147,144651,Yes,Self-Loop,Self-Loop,No matches,NA,NA,NA,NA,NA,NA,NA,NA,NA,NA,NA,NA,NA,NA,NA,LVB_142DPI,NA,NA
X580.362_2.984,7668,580.362,2.984,"Spectral Match to 1,2-Ditetradecanoyl-sn-glycero-3-phosphocholine from NIST14",PC 20:1;O_C28H54NO9P,0.854432,5,98.1456,144649,Yes,Self-Loop,Self-Loop,No matches,NA,NA,NA,NA,NA,NA,NA,NA,NA,NA,NA,NA,NA,NA,NA,LVB_142DPI,NA,NA
X582.32_2.721,4886,582.32,2.721,Spectral Match to Lyso-PC(16:0) from NIST14,PC 22:6_C30H48NO8P,0.944786,7,85.9906,173253,Yes,Spectral Match to Lyso-PC(16:0) from NIST14,First Analog,No matches,NA,NA,LVT_50DPI,NA,NA,NA,NA,NA,NA,NA,NA,NA,NA,NA,NA,NA,NA,NA
X582.56_2.226,3076,582.56,2.226,NA,nothing,NA,NA,NA,NA,No,NA,None,No matches,NA,NA,LVT_50DPI,NA,NA,NA,NA,NA,NA,NA,NA,NA,NA,NA,NA,NA,NA,NA
X590.322_2.887,2005,590.322,2.887,Spectral Match to 1-(9Z-Octadecenoyl)-sn-glycero-3-phosphocholine from NIST14,nothing,0.870434,6,45.9852,84479.3,Yes,Spectral Match to 1-Hexadecanoyl-sn-glycero-3-phosphocholine from NIST14,Second,Lipids and lipid-like molecules,NA,NA,NA,NA,NA,NA,NA,NA,NA,NA,NA,RVB_70DPI,NA,NA,NA,NA,NA,RVB_142DPI
X594.377_3,73,594.377,3,Spectral Match to 2-(5-Oxovaleryl)phosphatidylcholine from NIST14,PC 21:1;O_C29H56NO9P,0.79647,6,0.0032959,5.54516,No,Self-Loop,Self-Loop,Lipids and lipid-like molecules,NA,NA,NA,NA,NA,NA,NA,NA,NA,NA,RVT_70DPI,NA,NA,NA,NA,NA,NA,NA
X596.393_3.06,506,596.393,3.06,Spectral Match to 1-Palmitoyl-2-glutaryl phosphatidylcholine from NIST14,nothing,0.844258,8,13.9785,22901.6,Yes,DIDECANOYL-GLYCEROPHOSPHOCHOLINE,Second,Lipids and lipid-like molecules,LA_50DPI,NA,NA,NA,NA,NA,NA,NA,NA,NA,NA,NA,NA,NA,NA,NA,NA,NA
X599.241_2.765,5678,599.241,2.765,NA,nothing,NA,NA,NA,NA,No,"ReSpect:PT112290 E-3,4,5'-trihydroxy-3'-glucopyranosylstilbene|E-Astringin|(2S,3R,4S,5S,6R)-2-[3-[(E)-2-(3,4-dihydroxyphenyl)ethenyl]-5-hydroxyphenoxy]-6-(hydroxymethyl)oxane-3,4,5-triol",First Analog,No matches,NA,NA,NA,LVB_50DPI,NA,NA,NA,NA,NA,NA,NA,NA,NA,NA,NA,LVB_142DPI,RVT_142DPI,RVB_142DPI
X602.344_2.992,4517,602.344,2.992,Spectral Match to 1-Palmitoyl-2-glutaryl phosphatidylcholine from NIST14,PC 22:4;O_C30H52NO9P,0.72581,10,30.0114,47459.7,Yes,Spectral Match to 1-Palmitoyl-2-glutaryl phosphatidylcholine from NIST14,First Analog,No matches,NA,NA,NA,NA,NA,NA,NA,NA,NA,NA,NA,RVB_70DPI,NA,NA,NA,NA,NA,NA
X604.362_2.948,958,604.362,2.948,"Spectral Match to 1,2-Ditetradecanoyl-sn-glycero-3-phosphocholine from NIST14",PC 22:3;O_C30H54NO9P,0.936386,5,74.1463,109278,Yes,"Spectral Match to 1,2-Dipentadecanoyl-sn-glycero-3-phosphocholine from NIST14",First Analog,No matches,NA,NA,LVT_50DPI,LVB_50DPI,RVT_50DPI,NA,NA,NA,NA,LVB_70DPI,RVT_70DPI,NA,NA,NA,NA,LVB_142DPI,NA,RVB_142DPI
X604.362_3.06,4494,604.362,3.06,NA,nothing,NA,NA,NA,NA,No,NA,None,No matches,LA_50DPI,NA,NA,NA,NA,NA,NA,NA,NA,NA,NA,NA,NA,NA,NA,NA,NA,NA
X604.442_3.001,1897,604.442,3.001,Spectral Match to p-tert-Octylphenol nonaglycol ether from NIST14,nothing,0.831904,15,1.03638,1717.54,Yes,Spectral Match to p-tert-Octylphenol heptaglycol ether from NIST14,First Analog,No matches,NA,NA,NA,NA,NA,NA,NA,NA,NA,NA,NA,NA,LA_142DPI,NA,NA,NA,NA,NA
X606.378_3.022,360,606.378,3.022,DIDECANOYL-GLYCEROPHOSPHOCHOLINE,PC 22:2;O_C30H56NO9P,0.927031,7,39.9958,70616.3,Yes,Spectral Match to 1-Myristoyl-2-palmitoyl-sn-glycero-3-phosphocholine from NIST14,First Analog,No matches,NA,NA,NA,LVB_50DPI,NA,NA,NA,NA,NA,NA,NA,NA,NA,NA,NA,NA,NA,NA
X608.227_2.768,1876,608.227,2.768,NA,nothing,NA,NA,NA,NA,No,NA,None,No matches,NA,NA,NA,NA,NA,NA,NA,NA,NA,NA,NA,NA,NA,NA,NA,NA,NA,RVB_142DPI
X608.393_3.098,56,608.393,3.098,"Spectral Match to 1,2-Ditetradecanoyl-sn-glycero-3-phosphocholine from NIST14",PC 22:1;O_C30H58NO9P,0.911153,5,70.1149,103337,Yes,DIDECANOYL-GLYCEROPHOSPHOCHOLINE,First Analog,No matches,NA,NA,NA,LVB_50DPI,NA,NA,NA,NA,NA,LVB_70DPI,NA,NA,LA_142DPI,NA,NA,NA,NA,NA
X616.325_2.661,5016,616.325,2.661,Spectral Match to 1-(9Z-Octadecenoyl)-sn-glycero-3-phosphocholine from NIST14,nothing,0.932651,9,93.9654,179886,Yes,Spectral Match to 1-(9Z-Octadecenoyl)-sn-glycero-3-phosphocholine from NIST14,First Analog,Lipids and lipid-like molecules,NA,NA,NA,NA,NA,NA,NA,NA,NA,NA,NA,RVB_70DPI,NA,NA,NA,NA,NA,NA
X620.356_2.913,754,620.356,2.913,"Spectral Match to 1,2-Dipentadecanoyl-sn-glycero-3-phosphocholine from NIST14",nothing,0.93325,5,86.1837,121980,Yes,"Spectral Match to 1,2-Ditetradecanoyl-sn-glycero-3-phosphocholine from NIST14",First Analog,No matches,LA_50DPI,NA,NA,NA,RVT_50DPI,NA,NA,NA,NA,NA,NA,NA,NA,NA,NA,NA,NA,NA
X620.393_3.029,379,620.393,3.029,"Spectral Match to 1,2-Dipentadecanoyl-sn-glycero-3-phosphocholine from NIST14",PC 23:2;O_C31H58NO9P,0.933362,6,86.1467,121928,Yes,Self-Loop,Self-Loop,No matches,NA,NA,NA,NA,NA,NA,NA,NA,NA,LVB_70DPI,NA,NA,NA,NA,NA,NA,NA,NA
X620.437_2.993,1827,620.437,2.993,Spectral Match to p-tert-Octylphenol nonaglycol ether from NIST14,nothing,0.912401,13,17.0311,28224.9,Yes,Spectral Match to p-tert-Octylphenol undecaglycol ether from NIST14,First,No matches,NA,NA,NA,NA,NA,NA,NA,NA,NA,NA,NA,NA,LA_142DPI,NA,NA,NA,NA,NA
X622.372_2.977,256,622.372,2.977,Spectral Match to 1-Myristoyl-2-palmitoyl-sn-glycero-3-phosphocholine from NIST14,PC 22:2;O2_C30H56NO10P,0.931625,6,84.1668,119125,Yes,Self-Loop,Self-Loop,No matches,NA,NA,NA,NA,NA,NA,NA,NA,NA,LVB_70DPI,NA,NA,NA,NA,NA,NA,NA,NA
X622.408_3.044,235,622.408,3.044,Spectral Match to 1-Myristoyl-2-palmitoyl-sn-glycero-3-phosphocholine from NIST14,PC 23:1;O_C31H60NO9P,0.952572,7,84.1307,119074,Yes,Spectral Match to 1-Myristoyl-2-palmitoyl-sn-glycero-3-phosphocholine from NIST14,First Analog,No matches,NA,NA,NA,NA,NA,NA,NA,NA,NA,LVB_70DPI,NA,NA,NA,NA,NA,NA,NA,NA
X622.409_3.109,79,622.409,3.109,"Spectral Match to 1,2-Ditetradecanoyl-sn-glycero-3-phosphocholine from NIST14",PC 23:1;O_C31H60NO9P,0.939782,8,56.0993,82680.4,Yes,Self-Loop,Self-Loop,No matches,NA,NA,NA,NA,NA,NA,NA,NA,NA,LVB_70DPI,RVT_70DPI,NA,NA,NA,NA,NA,NA,NA
X624.388_3.054,17,624.388,3.054,Spectral Match to 1-Myristoyl-2-palmitoyl-sn-glycero-3-phosphocholine from NIST14,nothing,0.944878,7,82.151,116272,Yes,Self-Loop,Self-Loop,No matches,LA_50DPI,NA,NA,LVB_50DPI,NA,NA,NA,NA,NA,NA,NA,NA,NA,NA,NA,NA,NA,NA
X632.392_2.97,4603,632.392,2.97,Spectral Match to 1-Myristoyl-2-palmitoyl-sn-glycero-3-phosphocholine from NIST14,PC 24:3;O_C32H58NO9P,0.927454,6,74.1471,104944,Yes,Self-Loop,Self-Loop,No matches,NA,NA,LVT_50DPI,LVB_50DPI,NA,NA,NA,NA,NA,NA,NA,NA,NA,NA,NA,NA,NA,NA
X632.393_3.035,6871,632.393,3.035,"Spectral Match to 1,2-Ditetradecanoyl-sn-glycero-3-phosphocholine from NIST14",PC 24:3;O_C32H58NO9P,0.932074,6,46.1145,67964.6,Yes,Self-Loop,Self-Loop,No matches,NA,NA,NA,LVB_50DPI,NA,NA,NA,NA,NA,NA,NA,RVB_70DPI,NA,NA,NA,NA,NA,NA
X634.371_2.921,3236,634.371,2.921,Spectral Match to 1-Myristoyl-2-palmitoyl-sn-glycero-3-phosphocholine from NIST14,PC 23:3;O2_C31H56NO10P,0.941699,7,72.1679,102143,Yes,Self-Loop,Self-Loop,No matches,NA,NA,NA,NA,NA,NA,NA,NA,LVT_70DPI,LVB_70DPI,NA,NA,NA,NA,NA,NA,NA,NA
X634.372_2.992,902,634.372,2.992,Spectral Match to 1-(9Z-Octadecenoyl)-2-tetradecanoyl-sn-glycero-3-phosphocholine from NIST14,PC 23:3;O2_C31H56NO10P,0.922809,8,98.1833,134029,Yes,"Spectral Match to 1,2-Ditetradecanoyl-sn-glycero-3-phosphocholine from NIST14",First Analog,No matches,NA,NA,NA,LVB_50DPI,NA,NA,NA,NA,NA,NA,NA,NA,NA,NA,NA,NA,NA,NA
X635.813_2.371,3117,635.813,2.371,NA,nothing,NA,NA,NA,NA,No,NA,None,No matches,NA,NA,LVT_50DPI,NA,NA,NA,NA,NA,NA,NA,NA,NA,NA,NA,NA,NA,NA,NA
X636.064_2.371,3097,636.064,2.371,NA,nothing,NA,NA,NA,NA,No,NA,None,No matches,NA,NA,NA,NA,NA,NA,NA,NA,NA,NA,NA,NA,NA,NA,NA,LVB_142DPI,NA,NA
X636.388_2.978,95,636.388,2.978,Spectral Match to 1-Palmitoyl-2-glutaryl phosphatidylcholine from NIST14,PC 23:2;O2_C31H58NO10P,0.917116,8,26.0167,42624.4,Yes,Spectral Match to 1-Myristoyl-2-palmitoyl-sn-glycero-3-phosphocholine from NIST14,First Analog,No matches,NA,NA,NA,NA,NA,NA,NA,NA,NA,LVB_70DPI,NA,NA,NA,NA,NA,NA,NA,NA
X636.424_3.106,302,636.424,3.106,Spectral Match to 1-(9Z-Octadecenoyl)-2-tetradecanoyl-sn-glycero-3-phosphocholine from NIST14,PC 24:1;O_C32H62NO9P,0.934138,7,96.1301,131226,Yes,Self-Loop,Self-Loop,No matches,NA,NA,NA,NA,NA,NA,NA,NA,NA,NA,NA,NA,NA,NA,NA,LVB_142DPI,NA,NA
X637.306_3.32,35,637.306,3.32,NA,nothing,NA,NA,NA,NA,No,NA,None,No matches,NA,NA,NA,NA,NA,NA,NA,NA,NA,NA,RVT_70DPI,NA,NA,NA,NA,NA,NA,RVB_142DPI
X638.403_2.987,1984,638.403,2.987,Spectral Match to 1-Myristoyl-2-stearoyl-sn-glycero-3-phosphocholine from NIST14,nothing,0.947912,8,96.1669,130916,Yes,Self-Loop,Self-Loop,No matches,NA,NA,NA,NA,NA,NA,NA,NA,NA,LVB_70DPI,NA,NA,NA,NA,NA,NA,NA,NA
X638.403_3.073,23,638.403,3.073,Spectral Match to 1-Myristoyl-2-palmitoyl-sn-glycero-3-phosphocholine from NIST14,nothing,0.948735,7,68.1358,96436,Yes,Self-Loop,Self-Loop,No matches,LA_50DPI,NA,NA,LVB_50DPI,NA,NA,NA,NA,NA,NA,NA,NA,NA,NA,NA,NA,NA,NA
X638.404_3.065,23,638.404,3.065,Spectral Match to 1-Myristoyl-2-palmitoyl-sn-glycero-3-phosphocholine from NIST14,nothing,0.948735,7,68.1358,96436,Yes,Self-Loop,Self-Loop,No matches,NA,NA,NA,NA,NA,NA,NA,NA,NA,NA,RVT_70DPI,NA,NA,NA,NA,NA,NA,NA
X648.468_2.995,1960,648.468,2.995,"Spectral Match to 1,2-Ditetradecanoyl-sn-glycero-3-phosphocholine from NIST14",LPC 26:2;O_C34H66NO8P or PC 26:1_C34H66NO8P or PC O-26:2;O_C34H66NO8P or LPC O-30:6_C38H68NO6P or PC 26:0;O_C34H68NO9P,0.802463,6,30.0399,44273.5,Yes,"Spectral Match to 1-Octadecanoyl-2-(5Z,8Z,11Z,14Z-eicosatetraenoyl)-sn-glycero-3-phosphocholine from NIST14",First Analog,No matches,NA,NA,NA,NA,NA,NA,NA,NA,NA,NA,NA,NA,LA_142DPI,NA,NA,NA,NA,NA
X650.403_3.014,6182,650.403,3.014,Spectral Match to 1-Myristoyl-2-stearoyl-sn-glycero-3-phosphocholine from NIST14,PC 24:2;O2_C32H60NO10P,0.926909,9,84.167,114580,Yes,Self-Loop,Self-Loop,No matches,NA,NA,NA,NA,NA,NA,NA,NA,NA,NA,NA,NA,LA_142DPI,NA,NA,NA,NA,NA
X650.403_3.074,435,650.403,3.074,Spectral Match to 1-Myristoyl-2-palmitoyl-sn-glycero-3-phosphocholine from NIST14,PC 24:2;O2_C32H60NO10P,0.944831,7,56.1356,79451.6,Yes,Self-Loop,Self-Loop,No matches,LA_50DPI,NA,NA,NA,NA,NA,NA,NA,NA,NA,NA,NA,NA,NA,NA,NA,NA,NA
X650.901_2.339,3180,650.901,2.339,NA,nothing,NA,NA,NA,NA,No,NA,None,No matches,NA,NA,NA,NA,NA,NA,NA,RA_70DPI,NA,NA,RVT_70DPI,RVB_70DPI,NA,NA,NA,NA,NA,NA
X650.978_2.339,3137,650.978,2.339,NA,nothing,NA,NA,NA,NA,No,NA,None,No matches,NA,NA,NA,NA,NA,NA,NA,RA_70DPI,NA,NA,RVT_70DPI,RVB_70DPI,NA,NA,NA,NA,NA,NA
X651.054_2.339,3141,651.054,2.339,NA,nothing,NA,NA,NA,NA,No,NA,None,No matches,NA,NA,NA,NA,NA,NA,NA,RA_70DPI,NA,NA,RVT_70DPI,RVB_70DPI,NA,NA,NA,NA,NA,NA
X652.383_2.943,409,652.383,2.943,Spectral Match to 1-Myristoyl-2-stearoyl-sn-glycero-3-phosphocholine from NIST14,PC 23:2;O3_C31H58NO11P,0.93306,10,82.1869,111884,Yes,Spectral Match to 1-Myristoyl-2-stearoyl-sn-glycero-3-phosphocholine from NIST14,First Analog,No matches,NA,NA,NA,LVB_50DPI,NA,NA,NA,NA,NA,LVB_70DPI,NA,NA,NA,NA,NA,NA,NA,NA
X652.418_3.02,468,652.418,3.02,Spectral Match to 1-Myristoyl-2-palmitoyl-sn-glycero-3-phosphocholine from NIST14,nothing,0.941535,7,54.1205,76599.4,Yes,Spectral Match to 1-Myristoyl-2-palmitoyl-sn-glycero-3-phosphocholine from NIST14,First Analog,No matches,NA,NA,NA,NA,NA,NA,NA,NA,NA,NA,NA,RVB_70DPI,NA,NA,NA,NA,NA,NA
X652.418_3.078,509,652.418,3.078,Spectral Match to 1-Myristoyl-2-palmitoyl-sn-glycero-3-phosphocholine from NIST14,nothing,0.942563,7,54.1208,76599.9,Yes,Spectral Match to 1-Myristoyl-2-palmitoyl-sn-glycero-3-phosphocholine from NIST14,First Analog,No matches,LA_50DPI,NA,NA,NA,NA,NA,NA,NA,NA,NA,NA,NA,NA,NA,NA,NA,NA,NA
X654.332_3.32,337,654.332,3.32,NA,nothing,NA,NA,NA,NA,No,NA,None,No matches,NA,NA,NA,NA,NA,NA,NA,NA,NA,NA,NA,NA,NA,NA,NA,NA,NA,RVB_142DPI
X662.403_3.098,1239,662.403,3.098,Spectral Match to 1-Myristoyl-2-stearoyl-sn-glycero-3-phosphocholine from NIST14,PC 25:3;O2_C33H60NO10P,0.940681,8,72.1673,98244.3,Yes,Spectral Match to 1-Myristoyl-2-palmitoyl-sn-glycero-3-phosphocholine from NIST14,First Analog,No matches,LA_50DPI,NA,NA,NA,NA,NA,NA,NA,NA,NA,NA,NA,NA,NA,NA,NA,NA,NA
X662.404_3.01,1137,662.404,3.01,Spectral Match to 1-Myristoyl-2-stearoyl-sn-glycero-3-phosphocholine from NIST14,PC 25:3;O2_C33H60NO10P,0.935115,8,72.1663,98242.9,Yes,Spectral Match to 1-Myristoyl-2-palmitoyl-sn-glycero-3-phosphocholine from NIST14,First Analog,No matches,NA,NA,NA,LVB_50DPI,NA,NA,NA,NA,NA,NA,NA,NA,NA,NA,NA,NA,NA,NA
X664.418_3.004,3229,664.418,3.004,Spectral Match to 1-Myristoyl-2-stearoyl-sn-glycero-3-phosphocholine from NIST14,nothing,0.935916,10,70.152,95500.7,Yes,Spectral Match to 1-Myristoyl-2-palmitoyl-sn-glycero-3-phosphocholine from NIST14,First Analog,No matches,LA_50DPI,NA,NA,NA,NA,NA,NA,NA,NA,NA,NA,NA,NA,NA,NA,NA,NA,NA
X664.463_2.992,1859,664.463,2.992,Spectral Match to p-tert-Octylphenol nonaglycol ether from NIST14,nothing,0.924043,13,61.0569,101187,Yes,Spectral Match to p-tert-Octylphenol undecaglycol ether from NIST14,First,No matches,NA,NA,NA,NA,NA,NA,NA,NA,NA,NA,NA,NA,LA_142DPI,NA,NA,NA,NA,NA
X666.433_3.092,173,666.433,3.092,Spectral Match to 1-(9Z-Octadecenoyl)-2-tetradecanoyl-sn-glycero-3-phosphocholine from NIST14,PC 25:1;O2_C33H64NO10P,0.949152,9,66.1196,90259.1,Yes,Self-Loop,Self-Loop,No matches,LA_50DPI,NA,NA,NA,NA,NA,NA,NA,NA,NA,NA,NA,NA,NA,NA,NA,NA,NA
X674.439_3.163,274,674.439,3.163,"Spectral Match to 1,2-Di-(9Z-tetradecenoyl)-sn-glycero-3-phosphocholine from NIST14",PC 27:3;O_C35H64NO9P or PC 27:2;O2_C35H66NO10P,0.930088,8,0.00250244,3.71039,No,Self-Loop,Self-Loop,Lipids and lipid-like molecules,LA_50DPI,NA,NA,LVB_50DPI,NA,NA,NA,NA,NA,NA,NA,NA,NA,NA,NA,NA,NA,NA
X676.382_2.92,4686,676.382,2.92,Spectral Match to 1-Myristoyl-2-stearoyl-sn-glycero-3-phosphocholine from NIST14,PC 25:4;O3_C33H58NO11P,0.929202,8,58.1881,79213.8,Yes,Spectral Match to 1-Myristoyl-2-stearoyl-sn-glycero-3-phosphocholine from NIST14,First Analog,No matches,NA,NA,NA,LVB_50DPI,NA,NA,NA,NA,NA,NA,NA,NA,NA,NA,NA,NA,NA,NA
X676.418_3.107,3263,676.418,3.107,Spectral Match to 1-Myristoyl-2-palmitoyl-sn-glycero-3-phosphocholine from NIST14,PC 26:3;O2_C34H62NO10P,0.947049,7,30.1214,42632.3,Yes,Self-Loop,Self-Loop,No matches,LA_50DPI,NA,NA,NA,NA,NA,NA,NA,NA,NA,NA,NA,NA,NA,NA,NA,NA,NA
X682.363_3.329,472,682.363,3.329,NA,nothing,NA,NA,NA,NA,No,NA,None,No matches,NA,NA,NA,LVB_50DPI,NA,NA,NA,NA,NA,LVB_70DPI,NA,NA,NA,NA,NA,LVB_142DPI,NA,NA
X682.364_3.313,9324,682.364,3.313,NA,nothing,NA,NA,NA,NA,No,NA,None,No matches,NA,NA,NA,LVB_50DPI,NA,NA,NA,NA,NA,LVB_70DPI,NA,NA,NA,NA,NA,LVB_142DPI,NA,NA
X692.449_3.051,688,692.449,3.051,Spectral Match to 1-(9Z-Octadecenoyl)-2-tetradecanoyl-sn-glycero-3-phosphocholine from NIST14,PC 27:2;O2_C35H66NO10P,0.94153,8,40.1044,54746,Yes,Self-Loop,Self-Loop,No matches,LA_50DPI,NA,NA,NA,NA,NA,NA,NA,NA,NA,NA,NA,NA,NA,NA,NA,NA,NA
X696.445_3.083,587,696.445,3.083,Spectral Match to 1-Myristoyl-2-palmitoyl-sn-glycero-3-phosphocholine from NIST14,nothing,0.919449,7,10.094,14286.5,Yes,Self-Loop,Self-Loop,No matches,LA_50DPI,NA,NA,NA,NA,NA,NA,NA,NA,NA,NA,NA,NA,NA,NA,NA,NA,NA
X704.45_3.153,871,704.45,3.153,Spectral Match to 1-Myristoyl-2-palmitoyl-sn-glycero-3-phosphocholine from NIST14,PC 28:3;O2_C36H66NO10P,0.938647,7,2.08911,2956.82,Yes,Self-Loop,Self-Loop,No matches,LA_50DPI,NA,NA,NA,NA,NA,NA,NA,NA,NA,NA,NA,NA,NA,NA,NA,NA,NA
X705.058_2.339,3147,705.058,2.339,NA,nothing,NA,NA,NA,NA,No,NA,None,No matches,NA,NA,NA,LVB_50DPI,NA,NA,NA,NA,NA,NA,RVT_70DPI,RVB_70DPI,NA,NA,NA,NA,NA,NA
X705.142_2.34,496,705.142,2.34,NA,nothing,NA,NA,NA,NA,No,NA,None,No matches,NA,NA,NA,NA,NA,NA,NA,NA,NA,NA,RVT_70DPI,NA,NA,NA,NA,NA,NA,NA
X705.225_2.339,9531,705.225,2.339,NA,nothing,NA,NA,NA,NA,No,NA,None,No matches,NA,NA,NA,LVB_50DPI,NA,NA,NA,NA,NA,NA,NA,NA,NA,NA,NA,NA,NA,NA
X705.308_2.339,3132,705.308,2.339,NA,nothing,NA,NA,NA,NA,No,NA,None,No matches,NA,NA,NA,NA,NA,NA,NA,RA_70DPI,NA,NA,RVT_70DPI,RVB_70DPI,NA,NA,NA,NA,NA,NA
X706.399_2.251,3079,706.399,2.251,NA,nothing,NA,NA,NA,NA,No,NA,None,No matches,NA,NA,LVT_50DPI,NA,NA,NA,NA,NA,NA,NA,NA,NA,NA,NA,NA,NA,NA,NA
X708.489_2.982,1879,708.489,2.982,Spectral Match to p-tert-Octylphenol undecaglycol ether from NIST14,nothing,0.85495,12,17.0294,24628.1,Yes,Spectral Match to p-tert-Octylphenol undecaglycol ether from NIST14,First,No matches,NA,NA,NA,NA,NA,NA,NA,NA,NA,NA,NA,NA,LA_142DPI,NA,NA,NA,NA,NA
X708.512_4.837,8814,708.512,4.837,NA,nothing,NA,NA,NA,NA,No,OUABAIN,First Analog,No matches,NA,NA,NA,NA,NA,NA,NA,NA,LVT_70DPI,NA,NA,NA,NA,NA,NA,NA,NA,NA
X710.461_3.089,2191,710.461,3.089,Spectral Match to 1-(9Z-Octadecenoyl)-2-tetradecanoyl-sn-glycero-3-phosphocholine from NIST14,nothing,0.923805,7,22.0924,30158.1,Yes,Spectral Match to 1-(9Z-Octadecenoyl)-2-tetradecanoyl-sn-glycero-3-phosphocholine from NIST14,First Analog,No matches,LA_50DPI,NA,NA,NA,NA,NA,NA,NA,NA,NA,NA,NA,NA,NA,NA,NA,NA,NA
X716.485_3.266,2138,716.485,3.266,Spectral Match to 1-Myristoyl-2-palmitoyl-sn-glycero-3-phosphocholine from NIST14,PC 30:3;O_C38H70NO9P,0.953298,7,9.94611,14077.2,Yes,Spectral Match to 1-Octadecanoyl-2-octadecenoyl-sn-glycero-3-phosphocholine from NIST14,First,Lipids and lipid-like molecules,LA_50DPI,NA,NA,NA,NA,NA,NA,NA,NA,NA,NA,NA,NA,NA,NA,NA,NA,NA
X720.445_3.09,600,720.445,3.09,Spectral Match to KDdiA-PC from NIST14,PC 28:3;O3_C36H66NO11P,0.9267,8,0.00158691,2.20269,No,Self-Loop,Self-Loop,Lipids and lipid-like molecules,LA_50DPI,NA,NA,LVB_50DPI,NA,NA,NA,NA,NA,NA,NA,NA,NA,NA,NA,NA,NA,NA
X722.461_3.045,929,722.461,3.045,Spectral Match to 1-(9Z-Octadecenoyl)-2-tetradecanoyl-sn-glycero-3-phosphocholine from NIST14,PC 28:2;O3_C36H68NO11P,0.91906,7,10.0919,13776.3,Yes,Spectral Match to 1-Myristoyl-2-palmitoyl-sn-glycero-3-phosphocholine from NIST14,First Analog,No matches,LA_50DPI,NA,NA,LVB_50DPI,NA,NA,NA,NA,NA,NA,NA,NA,NA,NA,NA,NA,NA,NA
X724.218_2.769,5677,724.218,2.769,NA,nothing,NA,NA,NA,NA,No,NA,None,No matches,NA,NA,NA,NA,NA,NA,NA,NA,NA,NA,NA,NA,NA,NA,NA,NA,NA,RVB_142DPI
X732.445_3.025,966,732.445,3.025,Spectral Match to 1-Myristoyl-2-stearoyl-sn-glycero-3-phosphocholine from NIST14,nothing,0.941672,8,2.12543,2893.43,Yes,Self-Loop,Self-Loop,No matches,LA_50DPI,NA,NA,NA,NA,NA,NA,NA,NA,NA,NA,NA,NA,NA,NA,NA,NA,NA
X732.445_3.057,4864,732.445,3.057,Spectral Match to 1-Myristoyl-2-palmitoyl-sn-glycero-3-phosphocholine from NIST14,nothing,0.94875,7,25.9056,36665.5,Yes,Self-Loop,Self-Loop,No matches,LA_50DPI,NA,NA,NA,NA,NA,NA,NA,NA,NA,NA,NA,NA,NA,NA,NA,NA,NA
X736.476_3.119,2149,736.476,3.119,Spectral Match to 1-(9Z-Octadecenoyl)-2-tetradecanoyl-sn-glycero-3-phosphocholine from NIST14,nothing,0.94146,8,3.92291,5355.12,Yes,Spectral Match to 1-(9Z-Octadecenoyl)-2-tetradecanoyl-sn-glycero-3-phosphocholine from NIST14,First Analog,No matches,NA,NA,NA,LVB_50DPI,NA,NA,NA,NA,NA,NA,NA,NA,NA,NA,NA,NA,NA,NA
X758.531_3.388,3231,758.531,3.388,Spectral Match to 1-Myristoyl-2-stearoyl-sn-glycero-3-phosphocholine from NIST14,PC 33:3;O_C41H76NO9P,0.912515,7,23.9651,32624.9,Yes,Spectral Match to 1-Myristoyl-2-stearoyl-sn-glycero-3-phosphocholine from NIST14,First Analog,No matches,LA_50DPI,NA,NA,NA,NA,NA,NA,NA,NA,NA,NA,NA,NA,NA,NA,NA,NA,NA
X764.524_3.729,9312,764.524,3.729,PE(16:0/22:6); [M+H]+ C43H75N1O8P1,nothing,0.71911,13,1.00916,1321.72,Yes,PE(16:0/22:6); [M+H]+ C43H75N1O8P1,First Analog,No matches,NA,NA,NA,NA,NA,NA,NA,NA,NA,NA,NA,NA,NA,NA,NA,LVB_142DPI,NA,NA
X769.062_2.339,3186,769.062,2.339,NA,nothing,NA,NA,NA,NA,No,NA,None,No matches,NA,NA,LVT_50DPI,NA,NA,NA,NA,NA,NA,NA,NA,NA,NA,NA,NA,NA,NA,NA
X769.153_2.339,3164,769.153,2.339,NA,nothing,NA,NA,NA,NA,No,NA,None,No matches,NA,NA,NA,NA,NA,NA,NA,NA,NA,NA,NA,RVB_70DPI,NA,NA,NA,NA,NA,NA
X769.335_2.339,3194,769.335,2.339,NA,nothing,NA,NA,NA,NA,No,NA,None,No matches,NA,NA,NA,NA,NA,NA,NA,NA,NA,NA,RVT_70DPI,NA,NA,NA,NA,NA,NA,NA
X776.148_2.398,1612,776.148,2.398,NA,nothing,NA,NA,NA,NA,No,NA,None,No matches,NA,NA,NA,NA,NA,NA,NA,NA,NA,NA,NA,NA,NA,NA,NA,NA,RVT_142DPI,NA
X776.253_2.398,589,776.253,2.398,NA,nothing,NA,NA,NA,NA,No,NA,None,No matches,NA,NA,LVT_50DPI,NA,NA,NA,NA,NA,NA,NA,NA,NA,NA,NA,NA,NA,RVT_142DPI,NA
X776.411_2.398,4648,776.411,2.398,NA,nothing,NA,NA,NA,NA,No,Self-Loop,Self-Loop,No matches,NA,NA,LVT_50DPI,NA,NA,NA,NA,NA,NA,NA,NA,NA,NA,NA,NA,NA,RVT_142DPI,NA
X776.937_2.392,4661,776.937,2.392,NA,nothing,NA,NA,NA,NA,No,NA,None,No matches,NA,NA,LVT_50DPI,NA,NA,NA,NA,NA,NA,NA,NA,NA,NA,NA,NA,NA,NA,NA
X777.043_2.391,5122,777.043,2.391,NA,nothing,NA,NA,NA,NA,No,Self-Loop,Self-Loop,No matches,NA,NA,NA,NA,RVT_50DPI,NA,NA,NA,NA,NA,NA,NA,NA,NA,NA,NA,NA,NA
X777.095_2.39,2503,777.095,2.39,NA,nothing,NA,NA,NA,NA,No,Self-Loop,Self-Loop,No matches,NA,NA,NA,NA,NA,NA,NA,NA,NA,NA,RVT_70DPI,NA,NA,NA,NA,NA,NA,NA
X786.601_5.59,1777,786.601,5.59,Spectral Match to 1-Stearoyl-2-linoleoyl-sn-glycero-3-phosphocholine from NIST14,PC 36:2_C44H84NO8P or PC O-36:3;O_C44H84NO8P or PC 36:1;O_C44H86NO9P,0.93789,7,0.0032959,4.19004,No,Self-Loop,Self-Loop,Lipids and lipid-like molecules,LA_50DPI,NA,NA,NA,NA,NA,NA,NA,NA,NA,NA,NA,NA,NA,NA,NA,NA,NA
X790.38_2.768,76,790.38,2.768,NA,nothing,NA,NA,NA,NA,No,Massbank:PR101056 1-O-b-D-glucopyranosyl sinapate|1-O-Sinapoyl-beta-D-glucose|1-O-Sinapoyl beta-D-glucoside,First Analog,No matches,NA,NA,NA,LVB_50DPI,NA,NA,NA,NA,NA,NA,NA,NA,NA,NA,NA,LVB_142DPI,NA,RVB_142DPI
X792.329_2.764,7927,792.329,2.764,NA,nothing,NA,NA,NA,NA,No,Self-Loop,Self-Loop,No matches,NA,NA,NA,NA,NA,NA,NA,NA,NA,NA,NA,NA,NA,NA,NA,LVB_142DPI,RVT_142DPI,RVB_142DPI
X795.335_2.768,137,795.335,2.768,NA,nothing,NA,NA,NA,NA,No,NA,None,Organic acids and derivatives,LA_50DPI,NA,LVT_50DPI,NA,NA,NA,NA,NA,NA,NA,NA,NA,NA,NA,NA,LVB_142DPI,NA,RVB_142DPI
X798.563_3.38,2156,798.563,3.38,Spectral Match to 1-Myristoyl-2-palmitoyl-sn-glycero-3-phosphocholine from NIST14,PC 36:4;O_C44H80NO9P,0.938497,7,92.0243,130247,Yes,Spectral Match to 1-Oleoyl-2-palmitoyl-sn-glycero-3-phosphocholine from NIST14,First Analog,Lipids and lipid-like molecules,LA_50DPI,NA,NA,NA,NA,NA,NA,NA,NA,NA,NA,NA,NA,NA,NA,NA,NA,NA
X800.578_3.681,4285,800.578,3.681,Spectral Match to 1-Myristoyl-2-palmitoyl-sn-glycero-3-phosphocholine from NIST14,PC 36:3;O-C44H82NO9P,0.943774,7,94.0393,133099,Yes,Self-Loop,Self-Loop,No matches,LA_50DPI,NA,NA,NA,NA,NA,NA,NA,NA,NA,NA,NA,NA,NA,NA,NA,NA,NA
X801.313_2.768,350,801.313,2.768,NA,nothing,NA,NA,NA,NA,No,NA,None,No matches,NA,NA,NA,NA,NA,NA,NA,NA,NA,NA,NA,NA,NA,NA,NA,NA,RVT_142DPI,RVB_142DPI
X801.815_2.767,5230,801.815,2.767,NA,nothing,NA,NA,NA,NA,No,NA,None,No matches,NA,NA,NA,NA,NA,NA,NA,NA,NA,NA,NA,NA,NA,NA,NA,NA,NA,RVB_142DPI
X802.558_3.408,3202,802.558,3.408,Spectral Match to 1-Myristoyl-2-palmitoyl-sn-glycero-3-phosphocholine from NIST14,nothing,0.958387,8,96.0193,135901,Yes,Self-Loop,Self-Loop,No matches,LA_50DPI,NA,NA,NA,NA,NA,NA,NA,NA,NA,NA,NA,NA,NA,NA,NA,NA,NA
X811.309_2.773,1080,811.309,2.773,Spectral Match to 1-Myristoyl-2-stearoyl-sn-glycero-3-phosphocholine from NIST14,nothing,0.757032,5,76.7427,104474,Yes,Self-Loop,Self-Loop,No matches,NA,NA,NA,NA,RVT_50DPI,NA,NA,NA,NA,NA,RVT_70DPI,NA,NA,NA,NA,LVB_142DPI,RVT_142DPI,NA
X811.31_2.767,9485,811.31,2.767,NA,nothing,NA,NA,NA,NA,No,Spectral Match to 1-Myristoyl-sn-glycero-3-phosphocholine from NIST14,First Analog,Organic acids and derivatives,NA,NA,NA,NA,RVT_50DPI,NA,NA,NA,NA,NA,NA,NA,NA,NA,NA,NA,RVT_142DPI,NA
X814.521_3.283,2198,814.521,3.283,Spectral Match to 1-Myristoyl-2-stearoyl-sn-glycero-3-phosphocholine from NIST14,nothing,0.935944,9,79.9513,108841,Yes,Self-Loop,Self-Loop,No matches,LA_50DPI,NA,NA,NA,NA,NA,NA,NA,NA,NA,NA,NA,NA,NA,NA,NA,NA,NA
X814.522_3.363,2176,814.522,3.363,"Spectral Match to 1-Octadecanoyl-2-(5Z,8Z,11Z,14Z-eicosatetraenoyl)-sn-glycero-3-phosphocholine from NIST14",nothing,0.885295,8,3.92273,4839.3,Yes,Spectral Match to 1-Myristoyl-2-palmitoyl-sn-glycero-3-phosphocholine from NIST14,First Analog,No matches,LA_50DPI,NA,NA,NA,NA,NA,NA,NA,NA,NA,NA,NA,NA,NA,NA,NA,NA,NA
X814.559_3.275,1943,814.559,3.275,Spectral Match to 1-(9Z-Octadecenoyl)-2-tetradecanoyl-sn-glycero-3-phosphocholine from NIST14,PC 36:3;O3_C44H82NO11P,0.938551,8,82.0038,111942,Yes,Self-Loop,Self-Loop,No matches,LA_50DPI,NA,NA,NA,NA,NA,NA,NA,NA,NA,NA,NA,NA,NA,NA,NA,NA,NA
X819.211_2.398,1628,819.211,2.398,NA,nothing,NA,NA,NA,NA,No,NA,None,No matches,NA,NA,NA,NA,NA,NA,NA,NA,NA,NA,NA,NA,NA,NA,NA,NA,RVT_142DPI,NA
X819.267_2.398,849,819.267,2.398,NA,nothing,NA,NA,NA,NA,No,NA,None,No matches,NA,NA,LVT_50DPI,NA,NA,NA,NA,NA,NA,NA,NA,NA,NA,NA,NA,NA,NA,NA
X819.322_2.398,926,819.322,2.398,NA,nothing,NA,NA,NA,NA,No,NA,None,No matches,NA,NA,NA,NA,NA,NA,NA,NA,NA,NA,NA,NA,NA,NA,NA,NA,RVT_142DPI,NA
X820.155_2.39,5123,820.155,2.39,NA,nothing,NA,NA,NA,NA,No,Self-Loop,Self-Loop,No matches,NA,NA,NA,NA,RVT_50DPI,NA,NA,NA,NA,NA,NA,NA,NA,NA,NA,NA,NA,NA
X820.211_2.39,5004,820.211,2.39,NA,nothing,NA,NA,NA,NA,No,Self-Loop,Self-Loop,No matches,NA,NA,NA,NA,RVT_50DPI,NA,NA,NA,NA,NA,NA,NA,NA,NA,NA,NA,NA,NA
X822.713_2.529,4403,822.713,2.529,NA,nothing,NA,NA,NA,NA,No,NA,None,No matches,NA,NA,LVT_50DPI,NA,NA,NA,NA,NA,NA,NA,NA,NA,NA,NA,NA,NA,NA,NA
X826.265_2.769,6015,826.265,2.769,NA,nothing,NA,NA,NA,NA,No,NA,None,No matches,NA,NA,NA,NA,NA,NA,NA,NA,NA,NA,NA,NA,NA,NA,NA,NA,NA,RVB_142DPI
X850.482_2.542,4487,850.482,2.542,NA,nothing,NA,NA,NA,NA,No,NA,None,No matches,NA,NA,LVT_50DPI,NA,NA,NA,NA,NA,NA,NA,NA,NA,NA,NA,NA,NA,NA,NA
X850.733_2.542,3170,850.733,2.542,NA,nothing,NA,NA,NA,NA,No,NA,None,No matches,NA,NA,NA,NA,RVT_50DPI,NA,NA,NA,NA,NA,NA,NA,NA,NA,NA,NA,NA,NA
X850.984_2.542,4333,850.984,2.542,NA,nothing,NA,NA,NA,NA,No,NA,None,No matches,NA,NA,NA,NA,RVT_50DPI,NA,NA,NA,NA,NA,NA,NA,NA,NA,NA,NA,NA,NA
X856.584_5.565,8685,856.584,5.565,NA,nothing,NA,NA,NA,NA,No,Spectral Match to N-Tetracosenoyl-4-sphingenyl-1-O-phosphorylcholine from NIST14,First Analog,Lipids and lipid-like molecules,NA,NA,NA,NA,NA,NA,NA,NA,NA,NA,NA,RVB_70DPI,NA,NA,NA,NA,NA,NA
X867.281_2.399,2514,867.281,2.399,NA,nothing,NA,NA,NA,NA,No,NA,None,No matches,NA,NA,LVT_50DPI,NA,NA,NA,NA,NA,NA,NA,NA,NA,NA,NA,NA,NA,NA,NA
X867.576_2.399,1570,867.576,2.399,NA,nothing,NA,NA,NA,NA,No,Self-Loop,Self-Loop,No matches,NA,NA,LVT_50DPI,NA,NA,NA,NA,NA,NA,NA,NA,NA,NA,NA,NA,NA,NA,NA
X867.634_2.399,2587,867.634,2.399,NA,nothing,NA,NA,NA,NA,No,Self-Loop,Self-Loop,No matches,NA,NA,LVT_50DPI,NA,NA,NA,NA,NA,NA,NA,NA,NA,NA,NA,NA,NA,NA,NA
X868.534_3.116,3225,868.534,3.116,"Spectral Match to 1,2-Dilinoleoyl-sn-glycero-3-phosphocholine from NIST14",nothing,0.947105,8,85.9626,109846,Yes,Self-Loop,Self-Loop,No matches,NA,NA,NA,NA,NA,NA,NA,NA,NA,NA,NA,RVB_70DPI,NA,NA,NA,NA,NA,NA
X874.579_3.277,1930,874.579,3.277,"Spectral Match to 1-Octadecanoyl-2-(5Z,8Z,11Z,14Z-eicosatetraenoyl)-sn-glycero-3-phosphocholine from NIST14",PC 45:12_C53H82NO8P,0.964481,11,63.9802,78929.6,Yes,Self-Loop,Self-Loop,No matches,LA_50DPI,NA,NA,NA,NA,NA,NA,NA,NA,NA,NA,NA,NA,NA,NA,NA,NA,NA
X878.754_2.555,5007,878.754,2.555,NA,nothing,NA,NA,NA,NA,No,NA,None,No matches,NA,NA,NA,LVB_50DPI,NA,NA,NA,NA,NA,NA,NA,NA,NA,NA,NA,NA,NA,NA
X896.564_3.284,2100,896.564,3.284,"Spectral Match to 1-Octadecanoyl-2-(5Z,8Z,11Z,14Z-eicosatetraenoyl)-sn-glycero-3-phosphocholine from NIST14",nothing,0.970872,12,85.9647,106051,Yes,Self-Loop,Self-Loop,No matches,LA_50DPI,NA,NA,NA,NA,NA,NA,NA,NA,NA,NA,NA,NA,NA,NA,NA,NA,NA
X900.523_3.093,4930,900.523,3.093,"Spectral Match to 1-Octadecanoyl-2-(5Z,8Z,11Z,14Z-eicosatetraenoyl)-sn-glycero-3-phosphocholine from NIST14",nothing,0.959707,10,89.9242,110935,Yes,Self-Loop,Self-Loop,No matches,LA_50DPI,NA,NA,NA,NA,NA,NA,NA,NA,NA,NA,NA,NA,NA,NA,NA,NA,NA
X907.025_2.577,5648,907.025,2.577,NA,nothing,NA,NA,NA,NA,No,NA,None,No matches,NA,NA,NA,NA,RVT_50DPI,NA,NA,NA,NA,NA,NA,NA,NA,NA,NA,NA,NA,NA
X907.276_2.579,4807,907.276,2.579,NA,nothing,NA,NA,NA,NA,No,NA,None,No matches,NA,NA,LVT_50DPI,LVB_50DPI,RVT_50DPI,NA,NA,NA,NA,NA,NA,NA,NA,NA,NA,NA,NA,NA
X907.526_2.579,4798,907.526,2.579,NA,nothing,NA,NA,NA,NA,No,NA,None,No matches,NA,NA,LVT_50DPI,LVB_50DPI,RVT_50DPI,NA,NA,NA,NA,NA,NA,NA,NA,NA,NA,NA,NA,NA
X918.535_2.976,5602,918.535,2.976,"1,2-Dierucoyl-sn-glycero-3-phosphocholine",nothing,0.891905,6,19.8077,22039.8,Yes,Self-Loop,Self-Loop,No matches,NA,NA,NA,NA,NA,NA,NA,NA,NA,NA,NA,RVB_70DPI,NA,NA,NA,NA,NA,NA
X944.55_3.076,5886,944.55,3.076,"1,2-Dierucoyl-sn-glycero-3-phosphocholine",nothing,0.896937,6,45.8227,50986.2,Yes,Self-Loop,Self-Loop,No matches,NA,NA,NA,LVB_50DPI,NA,NA,NA,NA,NA,NA,NA,NA,NA,NA,NA,NA,NA,NA
X991.673_2.928,352,991.673,2.928,NA,nothing,NA,NA,NA,NA,No,Spectral Match to 1-Myristoyl-2-stearoyl-sn-glycero-3-phosphocholine from NIST14,First Analog,No matches,NA,NA,NA,NA,NA,NA,NA,NA,NA,LVB_70DPI,RVT_70DPI,RVB_70DPI,NA,NA,NA,NA,NA,NA
